[{"model": "sessions.session", "pk": "46ty9j5tdnu4qea9u0uoskrpvckqoha0", "fields": {"session_data": ".eJxVj8FOxSAURP-FNW249AKlS137BcaQW7ikRNu-FKoL479b49u87cycycy3iHS0UJKYhDKQ05yxAxqgw0FxRwiqAx6JHZNKcRZShMq1ln0LZSsttLJybbTegpjAGescgofeaVQeUYrPwl-cwu3Y0xlbFdOrkV6OEpTEt6uMzraEs_Lxv0Eb8SDOFN95-3Moxv3cWu3vUu2fz9r29WVP_PF0jz2wC9XlAm3yI46GFBoisBRTzuY6pAmdNehnPbiMBGDYDsN1XXmdo_HGEpFWTvz8AvhWW64:1utFDb:LM-G7e43dBZ9p0mWPtSOVBDv6b4OOs2v1oAhbiXjnzE", "expire_date": "2025-09-16T00:49:51.736Z"}}, {"model": "sessions.session", "pk": "4ezi8f1kayj4ohaitgenm0t6gp5ul71m", "fields": {"session_data": ".eJxVjDsOwyAQBe9CHSNYdsGkTJ8zWMAusZPIlvypotw9seTG7ZuZ91ElzWs3sLoqqFaip9J4INegc9BEEmqCFMg-C3qP6qK6tK19ty0yH9l5y6m8ZNwBP9P4mHSZxnUest4VfdBF3yeW9-1wTwd9Wvp_HSy3FVOMnCJBxWhAnDc-tIzkneTacmQuToCyFRMKAFrMoSQhdEZ9f7M4RGA:1upEa0:xh8ceZBABJzg0oxljUZKeXqssg3eXlaqxj_OLc9jNo8", "expire_date": "2025-09-04T23:20:24.433Z"}}, {"model": "sessions.session", "pk": "6gejng44bz6vib3kj6bxt5u5e5ujix0j", "fields": {"session_data": ".eJxVjr1uxCAQhN-FOrb4WYy5MqnzDGhhFxkltqNbXEV59xDlmutGM99o5lsVvPfUSN1UBe2BkaZI6CYA66fMIU8ZyVKNGIZQLyoJi7TzSO1oPfW2s3Tcv5K6meDjohfQbjYB1sWEQePVt3QJ3_9HrHryMpYPPv4CLOW8ji7zw5L57ZJ-7u8n8efrA3vqbijbKAZDawWM43X0tkLUlt24EVYCvzjOdaVIVBxbnw3rUKwFAzkUZA9Oq59f6yhSvw:1v580R:X1kY4uLJTEczjZFAhvnX8MgDAH3HA1PJQ7CJgpmUeoM", "expire_date": "2025-10-18T19:33:23.680Z"}}, {"model": "sessions.session", "pk": "en0wagy9knkwpd75rk9ygf96629xfnz3", "fields": {"session_data": ".eJwFwTkOgDAMBMC_uCYIyLGYz1jBBMkFh0g6xN-ZeUnz08Q2WkgxsQ8JTjGrC7rvjlPOLoaVh8DQxJ46klpqtesUO61Js6PUlo9baBkRGYgjD_0UZw-k7wdf0Bwt:1v5puo:WkzbPB_WLz-4ZvDeqTp4U9d2QeuUS0ZTAK_enWuj2tg", "expire_date": "2025-10-20T18:26:30.377Z"}}, {"model": "sessions.session", "pk": "gt1un9hf1q86tit7e75sy37pwtgpj2oy", "fields": {"session_data": ".eJxVjTtuwzAQBe_COhLI5XddJnXOQCy5K4hIJAUmVRm-exzEjdt5M3g3Vek6cmN1UZIKLVF4QkacnASekq96SkTRUsAkNqo3lbv03o49t72NPNomfdD2k9XFRJ8MOIxh1hYAdHrYdI41n12u_yegXlih-iX730C1Huc--vxEff44-zi2z4Pl-_2pvbQr9fURRsNpcYTIhB4WhxrEBh1iYueDlbIkRuZqBXwxomMFcMaVWEm8s1rdfwFxclIi:1uyucS:Hdadkfb5lWX0jlEZtq5nBg6WVpld_QzLtBUJVTcc4a0", "expire_date": "2025-10-01T16:02:56.072Z"}}, {"model": "sessions.session", "pk": "hql2mrceirp4tav1psgacdpa81d4wt9g", "fields": {"session_data": ".eJwFwUEOhCAMAMC_9CwbYWlr_UxTBZIedDfCzfh3Z27QXnv336l--tDhR-3Djr_CGhmFUkKWT8RM6TvBbtdQL7CCxVlQhAOVHUMma2FpWw2MDTNLps0KPC-yYRxM:1v5CDL:nfKW1zj6N8VqqdzQOqHcJjgUU_KrcrAolxOp8Tkyd5o", "expire_date": "2025-10-19T00:02:59.247Z"}}, {"model": "sessions.session", "pk": "k09n91q3tstono1fzkudngy8vnu00ivt", "fields": {"session_data": ".eJxVjTtuwzAQBe_COhLI5fLnMqlzBmLJXUFEIikwqcrw3eMgbtzOm8G7qUrXkRurixJh0FDihLbAhFLTFA3Zie2CMVTrxBf1pnKX3tux57a3kUfbpA_afrK6mOAiJgzezRaSTogPm86x5rPL9f8E1AsrVL9k_xuo1uPcR5-fqM8fZx_H9nmwfL8_tZd2pb4-wmA4LkgpMSUHCyYNYr32ITI6b6UskRNztQKuGNGhAqDBEiqJQ6vV_RcstVHk:1v0Son:J_lJeJNphv6SLW9U50oYw4DmkzLVnwZh3ad-i3bfzHA", "expire_date": "2025-10-05T22:46:05.390Z"}}, {"model": "sessions.session", "pk": "mf1r89055nbklmousqk3gk1aoagxf1g8", "fields": {"session_data": ".eJxVjjtuwzAQRO_COhL4213SZVLnDMRqSUJEIikwqcrw3RMjbty-eYOZmxK-jtSyuijUkDFkmnShOHksYVqqz5M3XhhNkOxEvanUS-_t2FPb20ijbaUP3n6SuhiCSBRJuzkYawHxz-ZzrOns5fo_YkG9wIXlq-yPhEWOcx99fqI-f5x9HNvnkcv3-1N76a7c18fvHIMPwNoDs0GWXCtwIcueEHxcrKPq2Rgo6Bw7o6OtAhGQma0mdf8FQ2BRsA:1v5r5b:Shouyc5pnrHXCbQg4QTiI22DG5hpt7u-qz0ZoYn65TA", "expire_date": "2025-10-20T19:41:43.896Z"}}, {"model": "sessions.session", "pk": "my2wky01j85i948q5ke1u17zclhu9tn7", "fields": {"session_data": ".eJyFU8tu1DAU_RXk9WQUO37Es4J2gYTECrEBIevGdojVJA6xAypV_51rFKaadioWkeLz8PU5lh-IhTWb4MiJsJZD7xSvNOOq4kpD1THtKu4Zq2XHtXKcHIhJPqUQZxPmkE0Ok08ZpsWQE1VCy1pyIY9NzalALWx5MFvy6z5CkAuwA3vn58KAtXGbczruUDrebinH6WN0frzZZRfeAdKARul0y1sBNRcAVIJ1fS_AKwZcScF1xxrVc6BUeNk00NBas94KLSQAsFrhpj-D_-WdWdboNpsTOX2l9bcD6cI4hvm7cZCBnB5IH9aUzQyTx7EffNoSekd4wm6HNaSM4DLEuQBKqWr_yhw_QRgR_rGB8ytK3i7TEZ0HAs6t2KrBed5QlFDWYI1vUsS4z3mGPGI25Hv8ez9iMzCWXfAechn77kuhS51rUXz-hMvfYTEWu8R1K5qaIRRXPIWZ419PsQ9hWUrgq0HP7NXEZ_aV6Gf-9Q7Okv-VcV3InoW4Us8_6qKnJ8NlYWf8RXOPeJOQ7peIPRTV5Of9BaVhMW0tNW1tD1Iy7jsKtW-VEPiuqFWKt-TxDyKuHZQ:1v581I:y5fOzQV0KnYqDlvEk_2vsj1Smi8iNmxRY3e7ptHw8HU", "expire_date": "2025-10-18T19:34:16.305Z"}}, {"model": "sessions.session", "pk": "qvldyuuptu8rn1rzk7zwfn62ydx98tnn", "fields": {"session_data": ".eJwFwUkOwyAMAMC_-AwVhC3mK1WFnBgkH7IokPZQ9e-d-cJK1yjCkAEbN2M46trIaO8m1Ohb0MyR_eImIlpAQem1dzn2IruMMmSrfdB2Fsg2hRQNOkyPKaCb7azgLfVTuZzXwfc6OuRnUNa8fn_nRCWl:1uwkUf:zpybIu2gOqytiSOojEJhbqiEmlXDecFFFr6eRbajJ50", "expire_date": "2025-09-25T16:49:57.279Z"}}, {"model": "sessions.session", "pk": "se57q32u74alyr2q6akq5a49ixq8gh7e", "fields": {"session_data": ".eJxVjTtuwzAQBe_C2hK4y8-KLpM6ZyBW5BIibEmBSVWG7x4HduN23gzeXSW-9VizOitjCGzIZSiIPFhDNEzOwQAFsHjRyUJRJxWbtFb3Ldat9tjrKq3z-hvVGcgFj-gBRiJD6Olp89GXeDS5vU5QfbCZ00W2_4FT2o-tt_GN2vh9tL6vP3uW69db-2gXbsszJMhTsRxC5uCw2KBRjNeepmydNzKXKYeckxF0M4imhGjBzpRYnDVaPf4Ac_tRHA:1v5CDs:7PdMHtElG8UraSryfjoPgXrJ04Zi1rd8uLkdBR8unJ8", "expire_date": "2025-10-19T00:03:32.275Z"}}, {"model": "sessions.session", "pk": "tkqwlild17uc8872sb7o66fzdkzkfhte", "fields": {"session_data": ".eJxVjDcOwzAQBP_C2iIY7kjRpXu_QVgmywESoFAZ_ruTGrW7M_MUCdPSXbM4igwbq7HUtIVLQ4Zjg5JNo7L3cI6CZxIH0WFd-m6dy_TXDO_HiHQvwy94w3AZZRqHZbpG-UXk9s7yPObyOG3sLtBj7j-2y6GllqGIAe2Qcq2M4g3IO6YQjfWVoDUXZy2sVsHUxIEdAKO8eL0BVpdE2g:1uqDIZ:w2YYiouDTBB_jGyaReE1g5aVwktNHQnarBEf_1XwD5Q", "expire_date": "2025-09-07T16:10:27.589Z"}}, {"model": "sessions.session", "pk": "v57dslf7qtvfd2gajrm1a9ym9btnt3qn", "fields": {"session_data": ".eJxVyztuwzAQRdG9sLYEcvgdl0mdNRBDzggiEkmBSVWG954EceP2vnfuKnfpvR17bnsbebRN-qDtO6uriR6DMRjtbHSwCHhRlW4jN1ZXZZFLdFYmS1gmpxNNtKQwidNsIWqAguqiMp1jzWeX2z-D11aofsr-N1Ctx7mPPj9Tn9_PPo7t42D5enveXuxKff2F0XBaHCEyoYfFoQaxQYeY2PlgpSyJkblaAV-M6FgBnHElVhLvrFaPHzmdUXk:1v59SH:cXk7aJ5zTtjyINJq-j4LL7T11U1DdUNWaOnmwzygxlE", "expire_date": "2025-10-18T21:06:13.153Z"}}, {"model": "sessions.session", "pk": "w1d5715lopv0s7bwlia7j0lrv6dvuua0", "fields": {"session_data": ".eJxVjTtuwzAQBe_COhLI5We5LpM6ZyBI7hISEkmBSVWG7x4HceN23gzeTdV8HWlldVEBsFi2ODXRfnJGYIqWZRIqZBuCqYXUm0pdel-PPa37OtJYN-kjbz9JXQx6whjIudkAkDX4sPM5lnR2uf6fgHphJdcv2f-GXOtx7qPPT9Tnj7OPY_s8WL7fn9pLu-S-PEI0HJvLRJzJQ3OkQWzQASM7H6yUFpmYqxXwxYjGCuCMK1izeGe1uv8CBNNRvQ:1v5syO:FJ0-6LYNEI4RxWpSdKg0wse1oMX9GMbxKOKIv5HLb4c", "expire_date": "2025-10-20T21:42:24.159Z"}}, {"model": "sessions.session", "pk": "yhrztysqyk0teatcm2yfzew2qqe1rpcg", "fields": {"session_data": "eyJjYXJ0X2lkIjoiM2ZmMjg2ODAtY2NkOS00MjA5LWI1M2UtODAxNDM4NGZjZTEyIn0:1uw7Ff:PTsgjuyTknK_XANM1-YdiFVqmawGzvelYcEadvTJktQ", "expire_date": "2025-09-23T22:55:51.576Z"}}, {"model": "sessions.session", "pk": "ymqam4gwxlxd8rpgd29ozzjos2yg78lv", "fields": {"session_data": "eyJjYXJ0X2lkIjoiMjk1MzM3NWMtNzRiOS00MjgwLTgyOTEtM2VlNTJjNWRlNDBiIn0:1uqzc5:5MBzKJvJmgy44gQrz3Ls82qxCL9h0TLO3vO0bWiRUFc", "expire_date": "2025-09-09T19:45:49.714Z"}}, {"model": "sessions.session", "pk": "z833o6jesm5dzomw3thags8p8pp1nw2l", "fields": {"session_data": ".eJwlyzkOwyAQAMC_bA0RYMAsX4miFVexhQ8ZHBdW_p5IKaeYG06uEMGAgJKOQX-5OVltq8zKo7TVJBmMD9LhpEooU8sZf4F66523lXjlQYOX1kdadoKoZ-fRuODwoZWyXgt4c7tapf3Y6llGh_jUSuDr8wWMriav:1utsfr:IB57VMm3l5mT2B7caczekNLzmfH0yrCinJi12NPyCco", "expire_date": "2025-09-17T18:57:39.113Z"}}, {"model": "category.category", "pk": 1, "fields": {"category_name": "Shirts", "slug": "shirts", "description": "This is a demo description of a catagory", "cat_image": "photos/categories/shirts.jpg"}}, {"model": "category.category", "pk": 2, "fields": {"category_name": "T Shirt", "slug": "t-shirt", "description": "this is a test description of T shirts.", "cat_image": "photos/categories/shirts_2ybkWcq.jpg"}}, {"model": "category.category", "pk": 3, "fields": {"category_name": "Jackets", "slug": "jackets", "description": "This is the test description for Jackets. all sizes and colors for winter or spring.", "cat_image": "photos/categories/jackets.jpg"}}, {"model": "category.category", "pk": 4, "fields": {"category_name": "Shoes", "slug": "shoes", "description": "this is a test description for shoes. all styles, sizes, and colors we have them all.", "cat_image": "photos/categories/shoes.png"}}, {"model": "category.category", "pk": 5, "fields": {"category_name": "Jeans", "slug": "jeans", "description": "this is the test description of the Jeans. all sizes, colors we have them all.", "cat_image": "photos/categories/jeans.jpg"}}, {"model": "category.category", "pk": 6, "fields": {"category_name": "Beefeater Burners", "slug": "beefeater-burners", "description": "All Beefeater burners", "cat_image": ""}}, {"model": "accounts.account", "pk": 2, "fields": {"password": "pbkdf2_sha256$720000$REYjvDHZKriVlSFXryOWXh$iKkQohB9H6+lslA//THL7QIUhe3Essfk7c77xABPGrk=", "is_superuser": true, "first_name": "Fred", "last_name": "H", "username": "Derf", "email": "admin@azgrills.com", "phone_number": "777-777-7777", "date_joined": "2025-06-13T21:18:54.544Z", "last_login": "2025-10-06T19:41:28.648Z", "is_admin": true, "is_staff": true, "is_active": true, "is_superadmin": true, "groups": [], "user_permissions": []}}, {"model": "accounts.account", "pk": 24, "fields": {"password": "pbkdf2_sha256$720000$azSw3P3TJu5N1nxcEGrb2A$9bQuVltK4ODPH51WKJOjnnuTLSIrfPnzCJqSb1RYYsI=", "is_superuser": false, "first_name": "Jesus", "last_name": "Christ", "username": "fredhnt", "email": "fredhnt@pm.me", "phone_number": "7777777777", "date_joined": "2025-06-27T21:45:38.777Z", "last_login": "2025-09-12T18:41:11.618Z", "is_admin": false, "is_staff": true, "is_active": true, "is_superadmin": false, "groups": [], "user_permissions": []}}, {"model": "accounts.account", "pk": 25, "fields": {"password": "pbkdf2_sha256$720000$Q1wxqtEjybDv7aiDh3LxT4$LMGnPBgar6jLJaa06sgCRVl2aGH3mrgxKH8vJqFCO9w=", "is_superuser": false, "first_name": "Jesus", "last_name": "Christ", "username": "jesuschrist11", "email": "quaderone@pm.me", "phone_number": "777-777-7777", "date_joined": "2025-06-27T23:21:56.998Z", "last_login": "2025-10-06T19:41:41.770Z", "is_admin": false, "is_staff": false, "is_active": true, "is_superadmin": false, "groups": [], "user_permissions": []}}, {"model": "accounts.account", "pk": 26, "fields": {"password": "pbkdf2_sha256$720000$cnx8WJY51kqMS7R0nCuAe5$p1FWuFXXnnVt2WYWkH7D/siQb39bzQFD6ln46E5TUEU=", "is_superuser": false, "first_name": "Moses", "last_name": "Moses", "username": "moses", "email": "moses@moses.com", "phone_number": "777-777-7777", "date_joined": "2025-08-18T21:53:00.708Z", "last_login": "2025-09-16T20:20:08.618Z", "is_admin": false, "is_staff": false, "is_active": true, "is_superadmin": false, "groups": [], "user_permissions": []}}, {"model": "accounts.userprofile", "pk": 1, "fields": {"user": 26, "address_line_1": "123456 south testing", "address_line_2": "", "profile_picture": "userprofile/img_avatar.png", "city": "Glendale", "zip_code": "85302", "state": "AZ", "country": "United States"}}, {"model": "accounts.userprofile", "pk": 3, "fields": {"user": 2, "address_line_1": "", "address_line_2": "", "profile_picture": "", "city": "", "zip_code": "", "state": "", "country": ""}}, {"model": "accounts.userprofile", "pk": 4, "fields": {"user": 24, "address_line_1": "123456 south", "address_line_2": "", "profile_picture": "", "city": "Glendale", "zip_code": "85302", "state": "AZ", "country": "United States"}}, {"model": "accounts.userprofile", "pk": 5, "fields": {"user": 25, "address_line_1": "123456 south", "address_line_2": "", "profile_picture": "userprofile/image.jpg", "city": "Glendale", "zip_code": "85302", "state": "AZ", "country": "United States"}}, {"model": "store.brand", "pk": 1, "fields": {"name": "Beefeater", "slug": "beefeater", "logo": "photos/brands/1.jpg", "description": "Beefeater grills of Australia make the best \"meat and potatoes\" of BBQ Grills. They don't have all the bells and whistles of the other professional grills but that just makes it more reliable as the \"Bells and Whistles\" are the first thing to break on a grill.", "website": "https://www.beefeaterbbq.com/en-au/barbecues/", "created_date": "2025-09-01T19:28:56.127Z", "modified_date": "2025-09-01T19:28:56.127Z"}}, {"model": "store.brand", "pk": 2, "fields": {"name": "ATX Clothing", "slug": "atx-clothing", "logo": "photos/brands/atx-logo-double-clear.png", "description": "ATX makes the best clothes on the planet, making jeans, shirts, T shirts , shoes and much more.", "website": "https://www.atxfitness.com/", "created_date": "2025-09-01T21:05:35.732Z", "modified_date": "2025-09-01T21:13:05.364Z"}}, {"model": "store.product", "pk": 2, "fields": {"product_name": "Wrangler Shirt", "slug": "wrangler-shirt", "description": "This is a Wrangler shirt. There are many like it but this one is mine.", "price": "40.00", "images": "photos/products/Wrangler-Shirt.jpg", "stock": 500, "is_available": true, "category": 1, "brand": 2, "created_date": "2025-06-13T23:27:48.533Z", "modified_date": "2025-09-01T21:07:17.709Z", "manufacturer_part_number": "789012345678", "gtin": "11234567890123", "upc_ean": "789012345678", "has_variants": true, "warranty_text": "", "warranty_file": "", "weight_lbs": 1, "length_in": 7, "width_in": 6, "height_in": 6}}, {"model": "store.product", "pk": 3, "fields": {"product_name": "US Polo ASSN Jacket", "slug": "us-polo-assn-jacket", "description": "This is a Polo assn Jacket. there are many like it but this one is mine.", "price": "899.00", "images": "photos/products/US-Polo-Assn_Jacket.jpg", "stock": 500, "is_available": true, "category": 3, "brand": 2, "created_date": "2025-06-13T23:29:11.443Z", "modified_date": "2025-09-01T21:07:10.052Z", "manufacturer_part_number": "678901234567", "gtin": "67890123456789", "upc_ean": "678901234567", "has_variants": false, "warranty_text": "", "warranty_file": "", "weight_lbs": 1, "length_in": 7, "width_in": 6, "height_in": 6}}, {"model": "store.product", "pk": 4, "fields": {"product_name": "Puma Ferrari Shoes", "slug": "puma-ferrari-shoes", "description": "These are my shoes, there are many like them but these are mine.", "price": "1099.00", "images": "photos/products/Puma-Ferrari-Shoes.jpg", "stock": 50, "is_available": true, "category": 4, "brand": 2, "created_date": "2025-06-13T23:30:18.740Z", "modified_date": "2025-09-01T21:06:53.246Z", "manufacturer_part_number": "67890123456", "gtin": "23456789012345", "upc_ean": "567890123456", "has_variants": true, "warranty_text": "", "warranty_file": "", "weight_lbs": 1, "length_in": 7, "width_in": 6, "height_in": 6}}, {"model": "store.product", "pk": 5, "fields": {"product_name": "Mavi Jeans", "slug": "mavi-jeans", "description": "these are my Jeans, there are many like them but these are mine.", "price": "499.00", "images": "photos/products/Mavi_jeans.jpg", "stock": 100, "is_available": true, "category": 5, "brand": 2, "created_date": "2025-06-13T23:31:18.855Z", "modified_date": "2025-09-01T21:06:46.416Z", "manufacturer_part_number": "456789012345", "gtin": "78901234567890", "upc_ean": "456789012345", "has_variants": true, "warranty_text": "", "warranty_file": "", "weight_lbs": 1, "length_in": 7, "width_in": 6, "height_in": 6}}, {"model": "store.product", "pk": 6, "fields": {"product_name": "Jordan True Flight Basketball Shoes", "slug": "jordan-true-flight-basketball-shoes", "description": "These are my shoes, there are many like them but these are mine.", "price": "999.00", "images": "photos/products/jordan-true-flight-basketball-shoes.jpg", "stock": 10, "is_available": true, "category": 4, "brand": 2, "created_date": "2025-06-13T23:32:36.669Z", "modified_date": "2025-09-01T21:15:50.966Z", "manufacturer_part_number": "345678901234", "gtin": "34567890123456", "upc_ean": "345678901234", "has_variants": true, "warranty_text": "", "warranty_file": "", "weight_lbs": 1, "length_in": 7, "width_in": 6, "height_in": 6}}, {"model": "store.product", "pk": 7, "fields": {"product_name": "Great Tshirt", "slug": "great-tshirt", "description": "this Tshirt is mine. there are many like them but these are mine.", "price": "219.00", "images": "photos/products/Great-Tshirt.jpg", "stock": 0, "is_available": true, "category": 2, "brand": 2, "created_date": "2025-06-13T23:33:51.901Z", "modified_date": "2025-09-01T21:37:42.495Z", "manufacturer_part_number": "234567890123", "gtin": "90123456789012", "upc_ean": "234567890123", "has_variants": true, "warranty_text": "", "warranty_file": "", "weight_lbs": 1, "length_in": 7, "width_in": 6, "height_in": 6}}, {"model": "store.product", "pk": 8, "fields": {"product_name": "RXN Blue Shirt", "slug": "rxn-blue-shirt", "description": "this is my Blue shirt. there are many like it but this one is mine.", "price": "199.00", "images": "photos/products/Blue-Shirt.jpg", "stock": 100, "is_available": true, "category": 1, "brand": 2, "created_date": "2025-06-13T23:35:30.239Z", "modified_date": "2025-09-01T21:06:16.731Z", "manufacturer_part_number": "123456789012", "gtin": "56789012345678", "upc_ean": "123456789012", "has_variants": false, "warranty_text": "", "warranty_file": "", "weight_lbs": 1, "length_in": 7, "width_in": 6, "height_in": 6}}, {"model": "store.product", "pk": 9, "fields": {"product_name": "atx-jeans", "slug": "atx-jeans", "description": "Step up your style game with ATX Blue Jeans, the perfect blend of comfort, durability, and fashion-forward design. Crafted from premium stretch denim, these jeans offer a tailored fit that moves with you, whether you're heading to the office, lounging on the weekend, or hitting the town.\r\n\r\nWith a classic mid-rise waist and a modern slim-fit silhouette, ATX Blue Jeans deliver a timeless look that pairs effortlessly with everything from sneakers to boots. Subtle whiskering and faded details add a t", "price": "299.00", "images": "photos/products/ATX-Jeans_KJmhdgs.jpg", "stock": 50, "is_available": true, "category": 5, "brand": 2, "created_date": "2025-08-20T23:14:02.558Z", "modified_date": "2025-09-01T21:06:00.314Z", "manufacturer_part_number": "112345678905", "gtin": "12345678901234", "upc_ean": "112345678905", "has_variants": true, "warranty_text": "", "warranty_file": "", "weight_lbs": 1, "length_in": 7, "width_in": 6, "height_in": 6}}, {"model": "store.product", "pk": 10, "fields": {"product_name": "Beefeater Burner for Signature series Grill", "slug": "beefeater-burner-for-signature-series-grill", "description": "The Beefeater Grill Part #94735 is a premium cast stainless steel burner that sets a new standard for grilling performance and durability. This heavy-duty burner is designed to handle demanding cooking tasks, providing consistent heat distribution and efficient combustion up to 18,000 BTUs. With its robust construction and lifetime warranty, you can trust this burner to deliver reliable results meal after meal. Whether you're a seasoned grill master or just starting out, this cast stainless steel burner is the perfect upgrade for your Beefeater grill.\r\n \r\n\r\nKey Features:\r\n\r\n• Material: Cast stainless steel construction for durability and resistance to corrosion\r\n\r\n• Compatibility: Designed to fit all Beefeater grill models\r\n\r\nBenefits:", "price": "95.99", "images": "photos/products/beefeater-cast-stainless-steel-burner-8__22350.png", "stock": 100, "is_available": true, "category": 6, "brand": 1, "created_date": "2025-08-28T19:01:47.985Z", "modified_date": "2025-09-30T19:11:12.196Z", "manufacturer_part_number": "94735", "gtin": "25698212365449", "upc_ean": "25698212365", "has_variants": true, "warranty_text": "This Beefeater burner carries a lifetime warranty, please download Beefeaters warranty.", "warranty_file": "warranties/Bromic_Heating_-_Flyer_-_Hospitality.pdf", "weight_lbs": 5, "length_in": 7, "width_in": 6, "height_in": 6}}, {"model": "store.product", "pk": 11, "fields": {"product_name": "Jesus Christ", "slug": "jesus-christ", "description": "This is a description", "price": "29.99", "images": "photos/products/image.jpg", "stock": 100, "is_available": true, "category": 1, "brand": 1, "created_date": "2025-09-12T00:11:46.424Z", "modified_date": "2025-09-30T19:05:42.850Z", "manufacturer_part_number": "product", "gtin": "12345678940456", "upc_ean": "1312111009080", "has_variants": false, "warranty_text": "This has no warranty", "warranty_file": "", "weight_lbs": 18, "length_in": 10, "width_in": 18, "height_in": 14}}, {"model": "store.productdownload", "pk": 1, "fields": {"product": 10, "title": "Beefeater brochure", "file": "downloads/Hewitt_return_112640.pdf"}}, {"model": "store.variationcategory", "pk": 1, "fields": {"name": "Gas Type"}}, {"model": "store.variationcategory", "pk": 2, "fields": {"name": "Color"}}, {"model": "store.variationcategory", "pk": 3, "fields": {"name": "Size"}}, {"model": "store.variationcategory", "pk": 4, "fields": {"name": "Add Cart"}}, {"model": "store.variation", "pk": 18, "fields": {"product": 9, "category": 3, "name": "Large", "price_modifier": "25.00", "is_active": true, "created_date": "2025-08-25T21:54:58.441Z"}}, {"model": "store.variation", "pk": 19, "fields": {"product": 9, "category": 3, "name": "Medium", "price_modifier": "0.00", "is_active": true, "created_date": "2025-08-25T21:55:15.429Z"}}, {"model": "store.variation", "pk": 20, "fields": {"product": 9, "category": 3, "name": "Small", "price_modifier": "0.00", "is_active": true, "created_date": "2025-08-25T21:55:33.349Z"}}, {"model": "store.variation", "pk": 21, "fields": {"product": 9, "category": 2, "name": "Green", "price_modifier": "0.00", "is_active": true, "created_date": "2025-08-25T21:55:52.434Z"}}, {"model": "store.variation", "pk": 22, "fields": {"product": 9, "category": 2, "name": "Blue", "price_modifier": "0.00", "is_active": true, "created_date": "2025-08-25T21:56:04.211Z"}}, {"model": "store.variation", "pk": 25, "fields": {"product": 5, "category": 3, "name": "Medium", "price_modifier": "0.00", "is_active": true, "created_date": "2025-09-11T00:48:33.153Z"}}, {"model": "store.variation", "pk": 26, "fields": {"product": 5, "category": 3, "name": "Large", "price_modifier": "0.00", "is_active": true, "created_date": "2025-09-11T00:48:48.366Z"}}, {"model": "store.variation", "pk": 27, "fields": {"product": 10, "category": 1, "name": "Propane", "price_modifier": "50.00", "is_active": true, "created_date": "2025-09-11T16:49:23.721Z"}}, {"model": "store.variation", "pk": 28, "fields": {"product": 10, "category": 1, "name": "Natural Gas", "price_modifier": "0.00", "is_active": true, "created_date": "2025-09-11T16:49:42.606Z"}}, {"model": "store.variation", "pk": 29, "fields": {"product": 11, "category": 2, "name": "White", "price_modifier": "0.00", "is_active": true, "created_date": "2025-09-12T00:13:59.253Z"}}, {"model": "store.variation", "pk": 30, "fields": {"product": 11, "category": 2, "name": "Whiter", "price_modifier": "0.00", "is_active": true, "created_date": "2025-09-12T00:14:23.754Z"}}, {"model": "store.variation", "pk": 31, "fields": {"product": 11, "category": 3, "name": "Medium", "price_modifier": "0.00", "is_active": true, "created_date": "2025-09-12T00:14:44.497Z"}}, {"model": "store.variation", "pk": 32, "fields": {"product": 11, "category": 3, "name": "Small", "price_modifier": "0.00", "is_active": true, "created_date": "2025-09-12T00:15:02.154Z"}}, {"model": "store.variation", "pk": 33, "fields": {"product": 5, "category": 4, "name": "Add Cart with shelves", "price_modifier": "500.00", "is_active": true, "created_date": "2025-09-12T23:26:05.366Z"}}, {"model": "store.reviewrating", "pk": 6, "fields": {"product": 9, "user": 26, "subject": "Test Review I would buy again even though most of the colors are um, something is wrong.", "review": "these are the best jeans that money could buy.", "rating": 5.0, "ip": "127.0.0.1", "status": true, "created_at": "2025-08-20T23:14:59.376Z", "updated_at": "2025-08-20T23:16:02.010Z"}}, {"model": "store.reviewrating", "pk": 7, "fields": {"product": 9, "user": 24, "subject": "changing my test", "review": "did it change?", "rating": 4.0, "ip": "127.0.1", "status": true, "created_at": "2025-08-20T23:17:44.774Z", "updated_at": "2025-08-20T23:17:44.774Z"}}, {"model": "store.reviewrating", "pk": 8, "fields": {"product": 9, "user": 25, "subject": "testicles testing", "review": "checking to see if this thing is working, is it working ?", "rating": 5.0, "ip": "127.0.0.1", "status": true, "created_at": "2025-08-20T23:18:30.428Z", "updated_at": "2025-08-20T23:18:30.428Z"}}, {"model": "store.reviewrating", "pk": 9, "fields": {"product": 9, "user": 24, "subject": "testing #4", "review": "this is a test of the emergency broadcast system. this is only a test.", "rating": 3.5, "ip": "127.0.0.1", "status": true, "created_at": "2025-08-20T23:19:22.287Z", "updated_at": "2025-08-20T23:19:22.287Z"}}, {"model": "store.reviewrating", "pk": 10, "fields": {"product": 9, "user": 26, "subject": "Moses's 2nd Review", "review": "to check and see if it was auto displayed.", "rating": 5.0, "ip": "127.0.0.1", "status": true, "created_at": "2025-08-20T23:20:02.114Z", "updated_at": "2025-08-20T23:20:02.115Z"}}, {"model": "store.reviewrating", "pk": 11, "fields": {"product": 3, "user": 26, "subject": "This jacket is awsome!!!", "review": "Awesome comfortable and warm, but not too warm.", "rating": 5.0, "ip": "127.0.0.1", "status": true, "created_at": "2025-08-21T20:18:11.544Z", "updated_at": "2025-08-21T20:18:24.374Z"}}, {"model": "store.reviewrating", "pk": 12, "fields": {"product": 2, "user": 26, "subject": "testing the best shirt ever", "review": "This is the best shirt ever made.", "rating": 5.0, "ip": "127.0.0.1", "status": true, "created_at": "2025-08-21T22:11:01.061Z", "updated_at": "2025-08-21T22:32:39.169Z"}}, {"model": "store.reviewrating", "pk": 13, "fields": {"product": 10, "user": 25, "subject": "Best quality burner on the market", "review": "should work now", "rating": 5.0, "ip": "127.0.0.1", "status": true, "created_at": "2025-08-28T22:21:48.797Z", "updated_at": "2025-08-30T16:25:40.151Z"}}, {"model": "store.reviewrating", "pk": 14, "fields": {"product": 8, "user": 25, "subject": "test", "review": "best shirt I ever got", "rating": 5.0, "ip": "127.0.0.1", "status": true, "created_at": "2025-08-30T14:19:32.316Z", "updated_at": "2025-09-03T23:18:09.015Z"}}, {"model": "store.productgallery", "pk": 5, "fields": {"product": 9, "image": "store/products/71Borhw-mpL._AC_SX522_.jpg", "order": 3}}, {"model": "store.productgallery", "pk": 6, "fields": {"product": 9, "image": "store/products/71bvVg4S-L._AC_SX569_.jpg", "order": 6}}, {"model": "store.productgallery", "pk": 7, "fields": {"product": 9, "image": "store/products/8194vQdTjaL._AC_SX569_.jpg", "order": 4}}, {"model": "store.productgallery", "pk": 8, "fields": {"product": 9, "image": "store/products/81GgGoJebSL._AC_SX569_.jpg", "order": 2}}, {"model": "store.productgallery", "pk": 29, "fields": {"product": 5, "image": "store/products/Mavi_jeans.jpg", "order": 1}}, {"model": "store.productgallery", "pk": 30, "fields": {"product": 8, "image": "store/products/rxn-blue-shirt_uzAhIDV.jpg", "order": 1}}, {"model": "store.productgallery", "pk": 35, "fields": {"product": 10, "image": "store/products/beefeater-burner-for-signature-series-grill3_oga31xY.png", "order": 1}}, {"model": "store.productgallery", "pk": 36, "fields": {"product": 10, "image": "store/products/beefeater-burner-for-signature-series-grill4_vFeD8n2.png", "order": 2}}, {"model": "store.productgallery", "pk": 39, "fields": {"product": 10, "image": "store/products/beefeater-burner-for-signature-series-grill2_Zqjkoin.png", "order": 4}}, {"model": "store.productgallery", "pk": 52, "fields": {"product": 7, "image": "store/products/Great-Tshirt.jpg", "order": 1}}, {"model": "carts.cart", "pk": 71, "fields": {"cart_id": "bf394f9a-b915-4584-b3b5-37bf6c8209fd", "date_added": "2025-08-28"}}, {"model": "carts.cart", "pk": 76, "fields": {"cart_id": "257a414d-b069-4d2a-8268-5930c8c3ebb9", "date_added": "2025-09-03"}}, {"model": "carts.cart", "pk": 82, "fields": {"cart_id": "9fdf00d6-efa0-4329-94f5-dd6d4b32aaab", "date_added": "2025-09-11"}}, {"model": "carts.cartitem", "pk": 327, "fields": {"user": null, "product": 3, "cart": 71, "quantity": 1, "is_active": true, "variations": []}}, {"model": "carts.cartitem", "pk": 376, "fields": {"user": null, "product": 9, "cart": 76, "quantity": 1, "is_active": true, "variations": [18, 22]}}, {"model": "carts.cartitem", "pk": 429, "fields": {"user": null, "product": 10, "cart": 82, "quantity": 1, "is_active": true, "variations": [27]}}, {"model": "carts.cartitem", "pk": 574, "fields": {"user": 25, "product": 11, "cart": null, "quantity": 1, "is_active": true, "variations": []}}, {"model": "orders.payment", "pk": 78, "fields": {"user": 25, "payment_id": "PAYID-NCEAJGA8DX46159U46075920", "payment_method": "PayPal", "amount_paid": "233.58", "status": "Completed", "created_at": "2025-07-28T23:15:35.448Z"}}, {"model": "orders.payment", "pk": 79, "fields": {"user": 25, "payment_id": "PAYID-NCEAZAA0SP732761D565633Y", "payment_method": "PayPal", "amount_paid": "916.98", "status": "Completed", "created_at": "2025-07-28T23:49:19.551Z"}}, {"model": "orders.payment", "pk": 80, "fields": {"user": 25, "payment_id": "PAYID-NCEA72I0LY00937XY005692C", "payment_method": "PayPal", "amount_paid": "202.98", "status": "Completed", "created_at": "2025-07-29T00:03:52.611Z"}}, {"model": "orders.payment", "pk": 81, "fields": {"user": 25, "payment_id": "PAYID-NCEBK5Q5AU35179MV015004E", "payment_method": "PayPal", "amount_paid": "30.60", "status": "Completed", "created_at": "2025-07-29T00:27:33.332Z"}}, {"model": "orders.payment", "pk": 82, "fields": {"user": 25, "payment_id": "PAYID-NCEBNHQ7JN9914503911851K", "payment_method": "PayPal", "amount_paid": "202.98", "status": "Completed", "created_at": "2025-07-29T00:32:29.221Z"}}, {"model": "orders.payment", "pk": 83, "fields": {"user": 25, "payment_id": "PAYID-NCFK2OY9VG7866019105540S", "payment_method": "PayPal", "amount_paid": "30.60", "status": "Completed", "created_at": "2025-07-30T23:39:38.125Z"}}, {"model": "orders.payment", "pk": 84, "fields": {"user": 25, "payment_id": "PAYID-NCFK5UA6ET41730890263844", "payment_method": "PayPal", "amount_paid": "202.98", "status": "Completed", "created_at": "2025-07-30T23:46:23.356Z"}}, {"model": "orders.payment", "pk": 85, "fields": {"user": 25, "payment_id": "PAYID-NCFK6PI53Y87394RC8187540", "payment_method": "PayPal", "amount_paid": "916.98", "status": "Completed", "created_at": "2025-07-30T23:48:12.098Z"}}, {"model": "orders.payment", "pk": 86, "fields": {"user": 25, "payment_id": "PAYID-NCFLCNA1YE07302MA5341834", "payment_method": "PayPal", "amount_paid": "608.94", "status": "Completed", "created_at": "2025-07-30T23:56:35.835Z"}}, {"model": "orders.payment", "pk": 87, "fields": {"user": 25, "payment_id": "PAYID-NCF6M5A58K65389RG8267040", "payment_method": "PayPal", "amount_paid": "202.98", "status": "Completed", "created_at": "2025-07-31T21:56:03.947Z"}}, {"model": "orders.payment", "pk": 88, "fields": {"user": 25, "payment_id": "PAYID-NCF6QTA2P033897DV990902K", "payment_method": "PayPal", "amount_paid": "202.98", "status": "Completed", "created_at": "2025-07-31T22:03:55.673Z"}}, {"model": "orders.payment", "pk": 89, "fields": {"user": 25, "payment_id": "PAYID-NCNHCJI48S56920GB459172T", "payment_method": "PayPal", "amount_paid": "202.98", "status": "Completed", "created_at": "2025-08-11T22:39:32.448Z"}}, {"model": "orders.payment", "pk": 90, "fields": {"user": 25, "payment_id": "PAYID-NCRF4ZI0UM002968H7738518", "payment_method": "PayPal", "amount_paid": "202.98", "status": "Completed", "created_at": "2025-08-17T22:57:40.602Z"}}, {"model": "orders.payment", "pk": 91, "fields": {"user": 24, "payment_id": "PAYID-NCRWQSI2AM89710E98175645", "payment_method": "PayPal", "amount_paid": "202.98", "status": "Completed", "created_at": "2025-08-18T17:52:08.279Z"}}, {"model": "orders.payment", "pk": 92, "fields": {"user": 26, "payment_id": "PAYID-NCR2ECQ32J96728T3340611A", "payment_method": "PayPal", "amount_paid": "202.98", "status": "Completed", "created_at": "2025-08-18T21:58:33.880Z"}}, {"model": "orders.payment", "pk": 93, "fields": {"user": 26, "payment_id": "PAYID-NCTAUSI04092272NE4037619", "payment_method": "PayPal", "amount_paid": "1353.54", "status": "Completed", "created_at": "2025-08-20T17:47:51.840Z"}}, {"model": "orders.payment", "pk": 94, "fields": {"user": 24, "payment_id": "PAYID-NCTZRAY0KE67344D3337861Y", "payment_method": "PayPal", "amount_paid": "30.60", "status": "Completed", "created_at": "2025-08-21T22:06:58.393Z"}}, {"model": "orders.payment", "pk": 95, "fields": {"user": 25, "payment_id": "PAYID-NCUKRQY88K47173UH580973L", "payment_method": "PayPal", "amount_paid": "61.20", "status": "Completed", "created_at": "2025-08-22T17:28:34.581Z"}}, {"model": "orders.payment", "pk": 96, "fields": {"user": 25, "payment_id": "PAYID-NCVTTFI08L09282DM425561C", "payment_method": "PayPal", "amount_paid": "947.58", "status": "Completed", "created_at": "2025-08-24T16:11:00.204Z"}}, {"model": "orders.payment", "pk": 97, "fields": {"user": 25, "payment_id": "PAYID-NCXAKEQ57S75382R8142051S", "payment_method": "PayPal", "amount_paid": "233.58", "status": "Completed", "created_at": "2025-08-26T19:03:45.672Z"}}, {"model": "orders.payment", "pk": 98, "fields": {"user": 25, "payment_id": "PAYID-NCXUIWY9S357974K3180824R", "payment_method": "PayPal", "amount_paid": "1119.96", "status": "Completed", "created_at": "2025-08-27T17:46:01.971Z"}}, {"model": "orders.payment", "pk": 104, "fields": {"user": 25, "payment_id": "PAYID-NCYNMKI8N671178R06417336", "payment_method": "PayPal", "amount_paid": "872.10", "status": "Completed", "created_at": "2025-08-28T22:20:24.833Z"}}, {"model": "orders.payment", "pk": 105, "fields": {"user": 25, "payment_id": "", "payment_method": "PayPal", "amount_paid": "0.00", "status": "PENDING", "created_at": "2025-08-29T00:28:56.766Z"}}, {"model": "orders.payment", "pk": 106, "fields": {"user": 25, "payment_id": "", "payment_method": "PayPal", "amount_paid": "0.00", "status": "PENDING", "created_at": "2025-08-29T00:29:30.514Z"}}, {"model": "orders.payment", "pk": 107, "fields": {"user": 25, "payment_id": "PAYID-NCYPJBI95E38205X6356091H", "payment_method": "PayPal", "amount_paid": "609.96", "status": "Completed", "created_at": "2025-08-29T00:29:56.637Z"}}, {"model": "orders.payment", "pk": 108, "fields": {"user": 25, "payment_id": "PAYID-NCYPY7Y16E40271PU0872535", "payment_method": "PayPal", "amount_paid": "96.90", "status": "Completed", "created_at": "2025-08-29T01:03:58.555Z"}}, {"model": "orders.payment", "pk": 109, "fields": {"user": 25, "payment_id": "", "payment_method": "PayPal", "amount_paid": "0.00", "status": "PENDING", "created_at": "2025-08-29T18:12:48.849Z"}}, {"model": "orders.payment", "pk": 110, "fields": {"user": 25, "payment_id": "", "payment_method": "PayPal", "amount_paid": "0.00", "status": "PENDING", "created_at": "2025-08-29T18:13:07.842Z"}}, {"model": "orders.payment", "pk": 111, "fields": {"user": 25, "payment_id": "", "payment_method": "PayPal", "amount_paid": "0.00", "status": "PENDING", "created_at": "2025-08-29T18:13:41.612Z"}}, {"model": "orders.payment", "pk": 112, "fields": {"user": 25, "payment_id": "", "payment_method": "PayPal", "amount_paid": "0.00", "status": "PENDING", "created_at": "2025-08-29T18:15:27.361Z"}}, {"model": "orders.payment", "pk": 113, "fields": {"user": 25, "payment_id": "PAYID-NCY66YI9PV9437375276393U", "payment_method": "PayPal", "amount_paid": "97.91", "status": "Completed", "created_at": "2025-08-29T18:20:16.274Z"}}, {"model": "orders.payment", "pk": 114, "fields": {"user": 25, "payment_id": "PAYID-NCY7KBQ9WX77539ER701992J", "payment_method": "PayPal", "amount_paid": "293.73", "status": "Completed", "created_at": "2025-08-29T18:44:21.870Z"}}, {"model": "orders.payment", "pk": 115, "fields": {"user": 25, "payment_id": "PAYID-NCY7KYI6K215755EV334550K", "payment_method": "PayPal", "amount_paid": "304.98", "status": "Completed", "created_at": "2025-08-29T18:45:52.284Z"}}, {"model": "orders.payment", "pk": 116, "fields": {"user": 25, "payment_id": "PAYID-NCY7PDI1FK360481N578282C", "payment_method": "PayPal", "amount_paid": "304.98", "status": "Completed", "created_at": "2025-08-29T18:55:08.658Z"}}, {"model": "orders.payment", "pk": 117, "fields": {"user": 25, "payment_id": "PAYID-NCY7RCQ3E6337764Y9100051", "payment_method": "PayPal", "amount_paid": "489.55", "status": "Completed", "created_at": "2025-08-29T18:59:21.341Z"}}, {"model": "orders.payment", "pk": 118, "fields": {"user": 25, "payment_id": "PAYID-NCY7X5Y365105994C588784K", "payment_method": "PayPal", "amount_paid": "195.82", "status": "Completed", "created_at": "2025-08-29T19:13:58.739Z"}}, {"model": "orders.payment", "pk": 119, "fields": {"user": 25, "payment_id": "PAYID-NCY7YJA26K96374AD0485610", "payment_method": "PayPal", "amount_paid": "304.98", "status": "Completed", "created_at": "2025-08-29T19:14:43.341Z"}}, {"model": "orders.payment", "pk": 120, "fields": {"user": 25, "payment_id": "PAYID-NCY72NY2M851780DH4576301", "payment_method": "PayPal", "amount_paid": "40.80", "status": "Completed", "created_at": "2025-08-29T19:19:18.405Z"}}, {"model": "orders.payment", "pk": 121, "fields": {"user": 25, "payment_id": "PAYID-NCZAB4Q6L41910196564620N", "payment_method": "PayPal", "amount_paid": "81.60", "status": "Completed", "created_at": "2025-08-29T19:35:13.126Z"}}, {"model": "orders.payment", "pk": 122, "fields": {"user": 25, "payment_id": "PAYID-NCZAICA64106549TX0082704", "payment_method": "PayPal", "amount_paid": "163.20", "status": "Completed", "created_at": "2025-08-29T19:48:23.629Z"}}, {"model": "orders.payment", "pk": 123, "fields": {"user": 25, "payment_id": "PAYID-NCZQQLI46K58519EL0123225", "payment_method": "PayPal", "amount_paid": "913.92", "status": "Completed", "created_at": "2025-08-30T14:18:20.706Z"}}, {"model": "orders.payment", "pk": 124, "fields": {"user": 25, "payment_id": "PAYID-NC3DXRA07879702EW9422937", "payment_method": "PayPal", "amount_paid": "1511.60", "status": "Completed", "created_at": "2025-09-02T00:35:14.945Z"}}, {"model": "orders.payment", "pk": 126, "fields": {"user": 25, "payment_id": "PAYID-NC3EYYY9UM26483H2084711U", "payment_method": "PayPal", "amount_paid": "2337.83", "status": "Completed", "created_at": "2025-09-02T01:46:10.360Z"}}, {"model": "orders.payment", "pk": 127, "fields": {"user": 25, "payment_id": "PAYID-NC4EDQY5X97897953963210W", "payment_method": "PayPal", "amount_paid": "1221.96", "status": "Completed", "created_at": "2025-09-03T13:25:22.538Z"}}, {"model": "orders.payment", "pk": 128, "fields": {"user": 2, "payment_id": "PAYID-NC4JTFQ39U71918FU729551J", "payment_method": "PayPal", "amount_paid": "345.78", "status": "Completed", "created_at": "2025-09-03T19:40:05.382Z"}}, {"model": "orders.payment", "pk": 129, "fields": {"user": 25, "payment_id": "PAYID-NC4MY2Y8S093652SR2762430", "payment_method": "PayPal", "amount_paid": "598.71", "status": "Completed", "created_at": "2025-09-03T23:16:58.366Z"}}, {"model": "orders.payment", "pk": 130, "fields": {"user": 25, "payment_id": "PAYID-NC4NCZA98521630NW570352S", "payment_method": "PayPal", "amount_paid": "402.89", "status": "Completed", "created_at": "2025-09-03T23:38:11.147Z"}}, {"model": "orders.payment", "pk": 131, "fields": {"user": 25, "payment_id": "PAYID-NC4NH5Q3PB69637CP957564X", "payment_method": "PayPal", "amount_paid": "402.89", "status": "Completed", "created_at": "2025-09-03T23:49:09.614Z"}}, {"model": "orders.payment", "pk": 132, "fields": {"user": 25, "payment_id": "PAYID-NC4NVKY2A528106XF3226001", "payment_method": "PayPal", "amount_paid": "402.89", "status": "Completed", "created_at": "2025-09-04T00:17:45.998Z"}}, {"model": "orders.payment", "pk": 133, "fields": {"user": 25, "payment_id": "PAYID-NC44EPQ5JN174287W009533S", "payment_method": "PayPal", "amount_paid": "500.80", "status": "Completed", "created_at": "2025-09-04T16:45:48.520Z"}}, {"model": "orders.payment", "pk": 134, "fields": {"user": 25, "payment_id": "PAYID-NC46U6I2D6808565A753004L", "payment_method": "PayPal", "amount_paid": "601.78", "status": "Completed", "created_at": "2025-09-04T19:37:28.134Z"}}, {"model": "orders.payment", "pk": 135, "fields": {"user": 25, "payment_id": "PAYID-NC5TCUY2W529566GM344304G", "payment_method": "PayPal", "amount_paid": "587.46", "status": "Completed", "created_at": "2025-09-05T18:52:02.193Z"}}, {"model": "orders.payment", "pk": 136, "fields": {"user": 25, "payment_id": "PAYID-NC5TEGA0P4663815N939300C", "payment_method": "PayPal", "amount_paid": "914.94", "status": "Completed", "created_at": "2025-09-05T18:55:19.950Z"}}, {"model": "orders.payment", "pk": 137, "fields": {"user": 25, "payment_id": "PAYID-NC7UP5I9FV17886L5573222H", "payment_method": "PayPal", "amount_paid": "402.89", "status": "Completed", "created_at": "2025-09-08T21:17:40.658Z"}}, {"model": "orders.payment", "pk": 138, "fields": {"user": 26, "payment_id": "PAYID-NC7UVRY54X08905LL2071306", "payment_method": "PayPal", "amount_paid": "703.78", "status": "Completed", "created_at": "2025-09-08T21:29:42.897Z"}}, {"model": "orders.payment", "pk": 139, "fields": {"user": 25, "payment_id": "PAYID-NDBBZ3I8R263661NY460062K", "payment_method": "PayPal", "amount_paid": "508.98", "status": "Completed", "created_at": "2025-09-11T00:50:52.079Z"}}, {"model": "orders.payment", "pk": 140, "fields": {"user": 25, "payment_id": "PAYID-NDBCFUI21903921NR413574C", "payment_method": "PayPal", "amount_paid": "1017.96", "status": "Completed", "created_at": "2025-09-11T01:16:00.704Z"}}, {"model": "orders.payment", "pk": 141, "fields": {"user": 25, "payment_id": "PAYID-NDBCGWY1CA52290D7280640L", "payment_method": "PayPal", "amount_paid": "508.98", "status": "Completed", "created_at": "2025-09-11T01:18:18.466Z"}}, {"model": "orders.payment", "pk": 142, "fields": {"user": 25, "payment_id": "PAYID-NDBCHGQ21T26960EJ881942X", "payment_method": "PayPal", "amount_paid": "508.98", "status": "Completed", "created_at": "2025-09-11T01:19:21.197Z"}}, {"model": "orders.payment", "pk": 143, "fields": {"user": 25, "payment_id": "PAYID-NDBCILI19U80880CB734053S", "payment_method": "PayPal", "amount_paid": "508.98", "status": "Completed", "created_at": "2025-09-11T01:21:48.332Z"}}, {"model": "orders.payment", "pk": 144, "fields": {"user": 25, "payment_id": "PAYID-NDBCJSI96J77102N71074337", "payment_method": "PayPal", "amount_paid": "508.98", "status": "Completed", "created_at": "2025-09-11T01:24:24.564Z"}}, {"model": "orders.payment", "pk": 145, "fields": {"user": 24, "payment_id": "PAYID-NDCHTVQ8N611532UW803842K", "payment_method": "PayPal", "amount_paid": "30.59", "status": "Completed", "created_at": "2025-09-12T19:51:49.539Z"}}, {"model": "orders.payment", "pk": 146, "fields": {"user": 24, "payment_id": "PAYID-NDCHURI3WS31454KA0797724", "payment_method": "PayPal", "amount_paid": "30.59", "status": "Completed", "created_at": "2025-09-12T19:53:40.894Z"}}, {"model": "orders.payment", "pk": 147, "fields": {"user": 24, "payment_id": "PAYID-NDCH7FI7SA855817U575943S", "payment_method": "PayPal", "amount_paid": "30.59", "status": "Completed", "created_at": "2025-09-12T20:16:19.892Z"}}, {"model": "orders.payment", "pk": 148, "fields": {"user": 24, "payment_id": "PAYID-NDCIBTY82045687X78925344", "payment_method": "PayPal", "amount_paid": "30.59", "status": "Completed", "created_at": "2025-09-12T20:21:34.706Z"}}, {"model": "orders.payment", "pk": 149, "fields": {"user": 24, "payment_id": "PAYID-NDCIEKA52Y6457587144663A", "payment_method": "PayPal", "amount_paid": "148.91", "status": "Completed", "created_at": "2025-09-12T20:27:19.748Z"}}, {"model": "orders.payment", "pk": 150, "fields": {"user": 24, "payment_id": "PAYID-NDCIHOI42H80716AW4588607", "payment_method": "PayPal", "amount_paid": "453.89", "status": "Completed", "created_at": "2025-09-12T20:34:00.525Z"}}, {"model": "orders.payment", "pk": 151, "fields": {"user": 24, "payment_id": "PAYID-NDCIL7A94G62954HJ475473G", "payment_method": "PayPal", "amount_paid": "246.82", "status": "Completed", "created_at": "2025-09-12T20:43:39.549Z"}}, {"model": "orders.payment", "pk": 152, "fields": {"user": 24, "payment_id": "PAYID-NDCJ76A6RG47028L8402374E", "payment_method": "PayPal", "amount_paid": "577.30", "status": "Completed", "created_at": "2025-09-12T22:34:31.273Z"}}, {"model": "orders.payment", "pk": 153, "fields": {"user": 24, "payment_id": "PAYID-NDCKEEY2H9006760S318164T", "payment_method": "PayPal", "amount_paid": "807.80", "status": "Completed", "created_at": "2025-09-12T22:43:30.411Z"}}, {"model": "orders.payment", "pk": 154, "fields": {"user": 24, "payment_id": "PAYID-NDCKFNQ9CB79681PR388654L", "payment_method": "PayPal", "amount_paid": "1129.10", "status": "Completed", "created_at": "2025-09-12T22:46:13.899Z"}}, {"model": "orders.payment", "pk": 155, "fields": {"user": 24, "payment_id": "PAYID-NDCKGXI0PV32841TP250590M", "payment_method": "PayPal", "amount_paid": "1078.10", "status": "Completed", "created_at": "2025-09-12T22:49:00.631Z"}}, {"model": "orders.payment", "pk": 156, "fields": {"user": 24, "payment_id": "PAYID-NDCKIFA0W121913BL871384D", "payment_method": "PayPal", "amount_paid": "1683.97", "status": "Completed", "created_at": "2025-09-12T22:52:03.274Z"}}, {"model": "orders.payment", "pk": 157, "fields": {"user": 24, "payment_id": "PAYID-NDCKUUQ6XV13666ME9657530", "payment_method": "PayPal", "amount_paid": "595.64", "status": "Completed", "created_at": "2025-09-12T23:18:41.230Z"}}, {"model": "orders.payment", "pk": 158, "fields": {"user": 24, "payment_id": "PAYID-NDCKWMA64856322KP198271L", "payment_method": "PayPal", "amount_paid": "148.91", "status": "Completed", "created_at": "2025-09-12T23:22:23.400Z"}}, {"model": "orders.payment", "pk": 159, "fields": {"user": 24, "payment_id": "PAYID-NDCLTQQ8EM311232R430035T", "payment_method": "PayPal", "amount_paid": "1614.62", "status": "Completed", "created_at": "2025-09-13T00:24:33.595Z"}}, {"model": "orders.payment", "pk": 160, "fields": {"user": 26, "payment_id": "PAYID-NDEEBFA81G68748DA151680H", "payment_method": "PayPal", "amount_paid": "402.89", "status": "Completed", "created_at": "2025-09-15T16:36:35.395Z"}}, {"model": "orders.payment", "pk": 161, "fields": {"user": 26, "payment_id": "PAYID-NDEFCZA34E73901JB758202H", "payment_method": "PayPal", "amount_paid": "148.91", "status": "Completed", "created_at": "2025-09-15T17:48:19.034Z"}}, {"model": "orders.payment", "pk": 162, "fields": {"user": 25, "payment_id": "PAYID-NDEFDGQ7H999033RE942092K", "payment_method": "PayPal", "amount_paid": "453.89", "status": "Completed", "created_at": "2025-09-15T17:49:13.810Z"}}, {"model": "orders.payment", "pk": 163, "fields": {"user": 25, "payment_id": "PAYID-NDEFYYY91V68340VU710863P", "payment_method": "PayPal", "amount_paid": "1042.37", "status": "AUTHORIZED", "created_at": "2025-09-15T18:35:14.805Z"}}, {"model": "orders.payment", "pk": 164, "fields": {"user": 25, "payment_id": "PAYID-NDEGS2Y8E486029WD0004443", "payment_method": "PayPal", "amount_paid": "1638.01", "status": "AUTHORIZED", "created_at": "2025-09-15T19:30:50.738Z"}}, {"model": "orders.payment", "pk": 165, "fields": {"user": 25, "payment_id": "", "payment_method": "PayPal", "amount_paid": "0.00", "status": "PENDING", "created_at": "2025-09-15T20:19:50.006Z"}}, {"model": "orders.payment", "pk": 166, "fields": {"user": 25, "payment_id": "", "payment_method": "PayPal", "amount_paid": "0.00", "status": "PENDING", "created_at": "2025-09-15T20:26:32.281Z"}}, {"model": "orders.payment", "pk": 167, "fields": {"user": 25, "payment_id": "", "payment_method": "PayPal", "amount_paid": "0.00", "status": "PENDING", "created_at": "2025-09-15T20:29:17.376Z"}}, {"model": "orders.payment", "pk": 168, "fields": {"user": 25, "payment_id": "", "payment_method": "PayPal", "amount_paid": "0.00", "status": "PENDING", "created_at": "2025-09-15T20:36:58.437Z"}}, {"model": "orders.payment", "pk": 169, "fields": {"user": 25, "payment_id": "", "payment_method": "PayPal", "amount_paid": "0.00", "status": "PENDING", "created_at": "2025-09-15T20:37:21.893Z"}}, {"model": "orders.payment", "pk": 170, "fields": {"user": 25, "payment_id": "", "payment_method": "PayPal", "amount_paid": "0.00", "status": "PENDING", "created_at": "2025-09-15T20:39:32.739Z"}}, {"model": "orders.payment", "pk": 171, "fields": {"user": 25, "payment_id": "", "payment_method": "PayPal", "amount_paid": "0.00", "status": "PENDING", "created_at": "2025-09-15T20:45:22.409Z"}}, {"model": "orders.payment", "pk": 172, "fields": {"user": 25, "payment_id": "", "payment_method": "PayPal", "amount_paid": "0.00", "status": "PENDING", "created_at": "2025-09-15T20:48:38.323Z"}}, {"model": "orders.payment", "pk": 173, "fields": {"user": 25, "payment_id": "", "payment_method": "PayPal", "amount_paid": "0.00", "status": "PENDING", "created_at": "2025-09-15T20:57:37.814Z"}}, {"model": "orders.payment", "pk": 174, "fields": {"user": 25, "payment_id": "", "payment_method": "PayPal", "amount_paid": "0.00", "status": "PENDING", "created_at": "2025-09-15T21:03:46.731Z"}}, {"model": "orders.payment", "pk": 175, "fields": {"user": 25, "payment_id": "", "payment_method": "PayPal", "amount_paid": "0.00", "status": "PENDING", "created_at": "2025-09-15T21:10:36.370Z"}}, {"model": "orders.payment", "pk": 176, "fields": {"user": 25, "payment_id": "", "payment_method": "PayPal", "amount_paid": "660.96", "status": "AUTHORIZED", "created_at": "2025-09-15T21:20:47.213Z"}}, {"model": "orders.payment", "pk": 177, "fields": {"user": 25, "payment_id": "", "payment_method": "PayPal", "amount_paid": "660.96", "status": "AUTHORIZED", "created_at": "2025-09-15T21:33:08.714Z"}}, {"model": "orders.payment", "pk": 178, "fields": {"user": 25, "payment_id": "", "payment_method": "PayPal", "amount_paid": "660.96", "status": "AUTHORIZED", "created_at": "2025-09-15T21:35:42.092Z"}}, {"model": "orders.payment", "pk": 179, "fields": {"user": 25, "payment_id": "", "payment_method": "PayPal", "amount_paid": "660.96", "status": "AUTHORIZED", "created_at": "2025-09-15T22:03:34.397Z"}}, {"model": "orders.payment", "pk": 180, "fields": {"user": 25, "payment_id": "", "payment_method": "PayPal", "amount_paid": "660.96", "status": "AUTHORIZED", "created_at": "2025-09-15T22:21:34.096Z"}}, {"model": "orders.payment", "pk": 181, "fields": {"user": 25, "payment_id": "", "payment_method": "PayPal", "amount_paid": "297.82", "status": "AUTHORIZED", "created_at": "2025-09-15T22:25:15.957Z"}}, {"model": "orders.payment", "pk": 182, "fields": {"user": 25, "payment_id": "", "payment_method": "PayPal", "amount_paid": "595.64", "status": "AUTHORIZED", "created_at": "2025-09-15T22:28:53.704Z"}}, {"model": "orders.payment", "pk": 183, "fields": {"user": 25, "payment_id": "", "payment_method": "PayPal", "amount_paid": "893.46", "status": "AUTHORIZED", "created_at": "2025-09-15T22:36:44.536Z"}}, {"model": "orders.payment", "pk": 184, "fields": {"user": 25, "payment_id": "", "payment_method": "PayPal", "amount_paid": "811.92", "status": "AUTHORIZED", "created_at": "2025-09-15T22:48:31.154Z"}}, {"model": "orders.payment", "pk": 185, "fields": {"user": 25, "payment_id": "", "payment_method": "PayPal", "amount_paid": "148.91", "status": "AUTHORIZED", "created_at": "2025-09-15T22:58:50.716Z"}}, {"model": "orders.payment", "pk": 186, "fields": {"user": 25, "payment_id": "", "payment_method": "PayPal", "amount_paid": "660.96", "status": "AUTHORIZED", "created_at": "2025-09-15T23:11:22.337Z"}}, {"model": "orders.payment", "pk": 187, "fields": {"user": 25, "payment_id": "", "payment_method": "PayPal", "amount_paid": "1018.98", "status": "AUTHORIZED", "created_at": "2025-09-15T23:22:37.350Z"}}, {"model": "orders.payment", "pk": 188, "fields": {"user": 25, "payment_id": "", "payment_method": "PayPal", "amount_paid": "148.91", "status": "AUTHORIZED", "created_at": "2025-09-15T23:32:13.914Z"}}, {"model": "orders.payment", "pk": 189, "fields": {"user": 25, "payment_id": "", "payment_method": "PayPal", "amount_paid": "660.96", "status": "AUTHORIZED", "created_at": "2025-09-15T23:42:34.259Z"}}, {"model": "orders.payment", "pk": 190, "fields": {"user": 25, "payment_id": "", "payment_method": "PayPal", "amount_paid": "744.55", "status": "AUTHORIZED", "created_at": "2025-09-15T23:49:50.282Z"}}, {"model": "orders.payment", "pk": 191, "fields": {"user": 25, "payment_id": "", "payment_method": "PayPal", "amount_paid": "926.12", "status": "AUTHORIZED", "created_at": "2025-09-16T00:10:47.474Z"}}, {"model": "orders.payment", "pk": 192, "fields": {"user": 26, "payment_id": "", "payment_method": "PayPal", "amount_paid": "595.64", "status": "AUTHORIZED", "created_at": "2025-09-16T20:20:34.514Z"}}, {"model": "orders.payment", "pk": 193, "fields": {"user": 26, "payment_id": "", "payment_method": "PayPal", "amount_paid": "595.64", "status": "AUTHORIZED", "created_at": "2025-09-16T21:25:38.482Z"}}, {"model": "orders.payment", "pk": 194, "fields": {"user": 26, "payment_id": "", "payment_method": "PayPal", "amount_paid": "1042.37", "status": "AUTHORIZED", "created_at": "2025-09-16T21:39:58.668Z"}}, {"model": "orders.payment", "pk": 195, "fields": {"user": 25, "payment_id": "", "payment_method": "PayPal", "amount_paid": "744.55", "status": "AUTHORIZED", "created_at": "2025-09-16T21:42:25.157Z"}}, {"model": "orders.payment", "pk": 196, "fields": {"user": 25, "payment_id": "", "payment_method": "PayPal", "amount_paid": "1219.92", "status": "AUTHORIZED", "created_at": "2025-09-16T22:55:19.815Z"}}, {"model": "orders.payment", "pk": 197, "fields": {"user": 25, "payment_id": "24G39815L4011174B", "payment_method": "PayPal", "amount_paid": "202.98", "status": "PENDING", "created_at": "2025-09-16T23:00:49.459Z"}}, {"model": "orders.payment", "pk": 198, "fields": {"user": 25, "payment_id": "23B95785RL750392D", "payment_method": "PayPal", "amount_paid": "30.59", "status": "PENDING", "created_at": "2025-09-16T23:09:20.606Z"}}, {"model": "orders.payment", "pk": 199, "fields": {"user": 25, "payment_id": "8J374725Y3422361E", "payment_method": "PayPal", "amount_paid": "2037.96", "status": "PENDING", "created_at": "2025-09-16T23:16:35.311Z"}}, {"model": "orders.payment", "pk": 200, "fields": {"user": 25, "payment_id": "8YY999455T1839529", "payment_method": "PayPal", "amount_paid": "1489.10", "status": "PENDING", "created_at": "2025-09-17T00:11:31.680Z"}}, {"model": "orders.payment", "pk": 201, "fields": {"user": 25, "payment_id": "04L01902A5102860J", "payment_method": "PayPal", "amount_paid": "304.98", "status": "PENDING", "created_at": "2025-09-17T00:17:04.671Z"}}, {"model": "orders.payment", "pk": 202, "fields": {"user": 25, "payment_id": "7FN39130504613347", "payment_method": "PayPal", "amount_paid": "30.59", "status": "COMPLETED", "created_at": "2025-09-20T22:51:02.638Z"}}, {"model": "orders.payment", "pk": 203, "fields": {"user": 25, "payment_id": "76C668409J048454N", "payment_method": "PayPal", "amount_paid": "148.91", "status": "COMPLETED", "created_at": "2025-09-20T23:16:18.524Z"}}, {"model": "orders.payment", "pk": 204, "fields": {"user": 25, "payment_id": "53694200MM695501E", "payment_method": "PayPal", "amount_paid": "179.50", "status": "COMPLETED", "created_at": "2025-09-22T23:00:38.893Z"}}, {"model": "orders.payment", "pk": 205, "fields": {"user": 25, "payment_id": "07D889695N403912K", "payment_method": "PayPal", "amount_paid": "1344.23", "status": "COMPLETED", "created_at": "2025-09-22T23:34:50.877Z"}}, {"model": "orders.payment", "pk": 206, "fields": {"user": 25, "payment_id": "34522708GW651592U", "payment_method": "PayPal", "amount_paid": "863.94", "status": "COMPLETED", "created_at": "2025-09-22T23:35:26.867Z"}}, {"model": "orders.payment", "pk": 207, "fields": {"user": 25, "payment_id": "", "payment_method": "PayPal", "amount_paid": "2037.96", "status": "AUTHORIZED", "created_at": "2025-09-22T23:35:53.775Z"}}, {"model": "orders.payment", "pk": 208, "fields": {"user": 25, "payment_id": "", "payment_method": "PayPal", "amount_paid": "1018.98", "status": "AUTHORIZED", "created_at": "2025-09-22T23:36:23.383Z"}}, {"model": "orders.payment", "pk": 209, "fields": {"user": 25, "payment_id": "", "payment_method": "PayPal", "amount_paid": "4483.92", "status": "AUTHORIZED", "created_at": "2025-09-22T23:36:44.724Z"}}, {"model": "orders.payment", "pk": 210, "fields": {"user": 25, "payment_id": "7EU216833H300990J", "payment_method": "PayPal", "amount_paid": "30.59", "status": "COMPLETED", "created_at": "2025-09-22T23:59:47.298Z"}}, {"model": "orders.payment", "pk": 211, "fields": {"user": 25, "payment_id": "3NU52501J6113374Y", "payment_method": "PayPal", "amount_paid": "183.54", "status": "CAPTURED", "created_at": "2025-09-23T00:25:06.767Z"}}, {"model": "orders.payment", "pk": 212, "fields": {"user": 25, "payment_id": "", "payment_method": "PayPal", "amount_paid": "45.54", "status": "AUTHORIZED", "created_at": "2025-09-25T21:59:48.244Z"}}, {"model": "orders.payment", "pk": 213, "fields": {"user": 25, "payment_id": "", "payment_method": "PayPal", "amount_paid": "0.00", "status": "PENDING", "created_at": "2025-09-25T22:10:11.286Z"}}, {"model": "orders.payment", "pk": 214, "fields": {"user": 25, "payment_id": "", "payment_method": "PayPal", "amount_paid": "112.86", "status": "AUTHORIZED", "created_at": "2025-09-25T22:13:40.441Z"}}, {"model": "orders.payment", "pk": 215, "fields": {"user": 25, "payment_id": "", "payment_method": "PayPal", "amount_paid": "112.86", "status": "AUTHORIZED", "created_at": "2025-09-25T22:16:00.727Z"}}, {"model": "orders.payment", "pk": 216, "fields": {"user": 25, "payment_id": "", "payment_method": "PayPal", "amount_paid": "112.86", "status": "AUTHORIZED", "created_at": "2025-09-25T22:26:13.276Z"}}, {"model": "orders.payment", "pk": 217, "fields": {"user": 25, "payment_id": "", "payment_method": "PayPal", "amount_paid": "45.54", "status": "AUTHORIZED", "created_at": "2025-09-25T22:30:20.067Z"}}, {"model": "orders.payment", "pk": 218, "fields": {"user": 25, "payment_id": "", "payment_method": "PayPal", "amount_paid": "0.00", "status": "PENDING", "created_at": "2025-09-25T22:30:54.197Z"}}, {"model": "orders.payment", "pk": 219, "fields": {"user": 25, "payment_id": "", "payment_method": "PayPal", "amount_paid": "45.54", "status": "AUTHORIZED", "created_at": "2025-09-25T22:31:05.803Z"}}, {"model": "orders.payment", "pk": 220, "fields": {"user": 25, "payment_id": "", "payment_method": "PayPal", "amount_paid": "45.54", "status": "AUTHORIZED", "created_at": "2025-09-25T22:34:32.033Z"}}, {"model": "orders.payment", "pk": 221, "fields": {"user": 25, "payment_id": "", "payment_method": "PayPal", "amount_paid": "45.54", "status": "AUTHORIZED", "created_at": "2025-09-25T22:59:01.970Z"}}, {"model": "orders.payment", "pk": 222, "fields": {"user": 25, "payment_id": "", "payment_method": "PayPal", "amount_paid": "45.54", "status": "AUTHORIZED", "created_at": "2025-09-25T23:02:32.327Z"}}, {"model": "orders.payment", "pk": 223, "fields": {"user": 25, "payment_id": "", "payment_method": "PayPal", "amount_paid": "45.54", "status": "AUTHORIZED", "created_at": "2025-09-25T23:04:29.875Z"}}, {"model": "orders.payment", "pk": 224, "fields": {"user": 25, "payment_id": "8X348979TF298964Y", "payment_method": "PayPal", "amount_paid": "45.54", "status": "CAPTURED", "created_at": "2025-09-25T23:08:43.261Z"}}, {"model": "orders.payment", "pk": 225, "fields": {"user": 25, "payment_id": "32L76983LK805405K", "payment_method": "PayPal", "amount_paid": "45.54", "status": "CAPTURED", "created_at": "2025-09-25T23:12:06.204Z"}}, {"model": "orders.payment", "pk": 226, "fields": {"user": 25, "payment_id": "46861488XA0598328", "payment_method": "PayPal", "amount_paid": "45.54", "status": "CAPTURED", "created_at": "2025-09-25T23:22:04.540Z"}}, {"model": "orders.payment", "pk": 227, "fields": {"user": 25, "payment_id": "4SA30670135017509", "payment_method": "PayPal", "amount_paid": "148.91", "status": "CAPTURED", "created_at": "2025-09-25T23:47:46.611Z"}}, {"model": "orders.payment", "pk": 228, "fields": {"user": 25, "payment_id": "6RJ199677D1971614", "payment_method": "PayPal", "amount_paid": "304.98", "status": "CAPTURED", "created_at": "2025-09-25T23:48:34.096Z"}}, {"model": "orders.payment", "pk": 229, "fields": {"user": 25, "payment_id": "4G962766GB0774203", "payment_method": "PayPal", "amount_paid": "76.13", "status": "CAPTURED", "created_at": "2025-09-26T20:48:33.417Z"}}, {"model": "orders.payment", "pk": 230, "fields": {"user": 25, "payment_id": "", "payment_method": "PayPal", "amount_paid": "297.82", "status": "AUTHORIZED", "created_at": "2025-09-26T20:52:51.279Z"}}, {"model": "orders.payment", "pk": 231, "fields": {"user": 25, "payment_id": "", "payment_method": "PayPal", "amount_paid": "148.91", "status": "AUTHORIZED", "created_at": "2025-09-28T13:33:42.325Z"}}, {"model": "orders.payment", "pk": 232, "fields": {"user": 25, "payment_id": "", "payment_method": "PayPal", "amount_paid": "0.00", "status": "PENDING", "created_at": "2025-09-29T22:08:51.890Z"}}, {"model": "orders.payment", "pk": 233, "fields": {"user": 25, "payment_id": "", "payment_method": "PayPal", "amount_paid": "103.94", "status": "AUTHORIZED", "created_at": "2025-09-30T19:46:43.371Z"}}, {"model": "orders.payment", "pk": 234, "fields": {"user": 25, "payment_id": "", "payment_method": "PayPal", "amount_paid": "107.02", "status": "AUTHORIZED", "created_at": "2025-09-30T20:06:25.670Z"}}, {"model": "orders.payment", "pk": 235, "fields": {"user": 25, "payment_id": "", "payment_method": "PayPal", "amount_paid": "58.38", "status": "AUTHORIZED", "created_at": "2025-09-30T20:27:14.567Z"}}, {"model": "orders.payment", "pk": 236, "fields": {"user": 25, "payment_id": "9F213643JH046471N", "payment_method": "PayPal", "amount_paid": "107.30", "status": "CAPTURED", "created_at": "2025-09-30T20:33:52.062Z"}}, {"model": "orders.payment", "pk": 237, "fields": {"user": 25, "payment_id": "42Y498222C815152P", "payment_method": "PayPal", "amount_paid": "119.56", "status": "CAPTURED", "created_at": "2025-09-30T20:58:35.523Z"}}, {"model": "orders.payment", "pk": 238, "fields": {"user": 25, "payment_id": "", "payment_method": "PayPal", "amount_paid": "61.18", "status": "AUTHORIZED", "created_at": "2025-09-30T22:09:58.253Z"}}, {"model": "orders.payment", "pk": 239, "fields": {"user": 25, "payment_id": "", "payment_method": "PayPal", "amount_paid": "91.77", "status": "AUTHORIZED", "created_at": "2025-09-30T23:33:41.207Z"}}, {"model": "orders.payment", "pk": 240, "fields": {"user": 25, "payment_id": "", "payment_method": "PayPal", "amount_paid": "0.00", "status": "PENDING", "created_at": "2025-09-30T23:35:16.964Z"}}, {"model": "orders.payment", "pk": 244, "fields": {"user": 25, "payment_id": "", "payment_method": "PayPal", "amount_paid": "97.91", "status": "AUTHORIZED", "created_at": "2025-10-02T23:19:36.573Z"}}, {"model": "orders.payment", "pk": 248, "fields": {"user": 25, "payment_id": "", "payment_method": "PayPal", "amount_paid": "0.00", "status": "PENDING", "created_at": "2025-10-02T23:42:58.065Z"}}, {"model": "orders.payment", "pk": 251, "fields": {"user": 25, "payment_id": "", "payment_method": "paypal", "amount_paid": "105.34", "status": "AUTHORIZED", "created_at": "2025-10-03T20:22:29.593Z"}}, {"model": "orders.payment", "pk": 252, "fields": {"user": 25, "payment_id": "2S1555589C3802619", "payment_method": "PayPal", "amount_paid": "106.99", "status": "CAPTURED", "created_at": "2025-10-03T20:38:46.573Z"}}, {"model": "orders.payment", "pk": 254, "fields": {"user": 25, "payment_id": "", "payment_method": "PayPal", "amount_paid": "195.82", "status": "AUTHORIZED", "created_at": "2025-10-03T22:00:10.511Z"}}, {"model": "orders.payment", "pk": 255, "fields": {"user": 25, "payment_id": "", "payment_method": "PayPal", "amount_paid": "148.91", "status": "AUTHORIZED", "created_at": "2025-10-03T22:03:19.271Z"}}, {"model": "orders.payment", "pk": 256, "fields": {"user": 25, "payment_id": "", "payment_method": "PayPal", "amount_paid": "106.99", "status": "AUTHORIZED", "created_at": "2025-10-03T22:04:09.289Z"}}, {"model": "orders.payment", "pk": 257, "fields": {"user": 25, "payment_id": "", "payment_method": "PayPal", "amount_paid": "0.00", "status": "PENDING", "created_at": "2025-10-03T22:07:46.461Z"}}, {"model": "orders.payment", "pk": 259, "fields": {"user": 25, "payment_id": "3S8842557X0647907", "payment_method": "PayPal", "amount_paid": "104.92", "status": "CAPTURED", "created_at": "2025-10-03T22:19:16.239Z"}}, {"model": "orders.payment", "pk": 264, "fields": {"user": 25, "payment_id": "1GC90393DD979261A", "payment_method": "PayPal", "amount_paid": "179.51", "status": "CAPTURED", "created_at": "2025-10-04T19:33:59.884Z"}}, {"model": "orders.order", "pk": 248, "fields": {"user": 25, "payment": 205, "order_number": "20250922248", "first_name": "Jesus", "last_name": "Christ", "phone": "777-777-7777", "email": "quaderone@pm.me", "address_line_1": "123456 south", "address_line_2": "", "country": "US", "state": "AZ", "city": "Glendale", "zip_code": "85302", "order_note": "", "order_total": "1344.23", "tax": "26.36", "shipping_cost": "0.00", "status": "CAPTURED", "tracking_number": null, "order_status": "PROCESSING", "is_ordered": true, "ip": "127.0.0.1", "created_at": "2025-09-22T23:34:50.743Z", "updated_at": "2025-09-22T23:37:19.699Z", "shipping_first_name": "Jesus", "shipping_last_name": "Christ", "shipping_phone": "777-777-7777", "shipping_email": "quaderone@pm.me", "shipping_address_line_1": "123456 south", "shipping_address_line_2": "", "shipping_country": "US", "shipping_state": "AZ", "shipping_city": "Glendale", "shipping_zip_code": "85302", "shipping_method": null, "supplier_name": null, "po_number": null, "supplier_order_date": null, "paypal_authorization_id": "28S26051DM032444D", "paypal_order_id": null}}, {"model": "orders.order", "pk": 249, "fields": {"user": 25, "payment": 206, "order_number": "20250922249", "first_name": "Jesus", "last_name": "Christ", "phone": "777-777-7777", "email": "quaderone@pm.me", "address_line_1": "123456 south", "address_line_2": "", "country": "US", "state": "AZ", "city": "Glendale", "zip_code": "85302", "order_note": "", "order_total": "863.94", "tax": "16.94", "shipping_cost": "0.00", "status": "COMPLETED", "tracking_number": null, "order_status": "PROCESSING", "is_ordered": true, "ip": "127.0.0.1", "created_at": "2025-09-22T23:35:26.800Z", "updated_at": "2025-09-23T00:03:34.187Z", "shipping_first_name": "Jesus", "shipping_last_name": "Christ", "shipping_phone": "777-777-7777", "shipping_email": "quaderone@pm.me", "shipping_address_line_1": "123456 south", "shipping_address_line_2": "", "shipping_country": "US", "shipping_state": "AZ", "shipping_city": "Glendale", "shipping_zip_code": "85302", "shipping_method": null, "supplier_name": null, "po_number": null, "supplier_order_date": null, "paypal_authorization_id": "3JY98026KY354320T", "paypal_order_id": null}}, {"model": "orders.order", "pk": 250, "fields": {"user": 25, "payment": 207, "order_number": "20250922250", "first_name": "Jesus", "last_name": "Christ", "phone": "777-777-7777", "email": "quaderone@pm.me", "address_line_1": "123456 south", "address_line_2": "", "country": "US", "state": "AZ", "city": "Glendale", "zip_code": "85302", "order_note": "", "order_total": "2037.96", "tax": "39.96", "shipping_cost": "0.00", "status": "AUTHORIZED", "tracking_number": null, "order_status": "PROCESSING", "is_ordered": false, "ip": "127.0.0.1", "created_at": "2025-09-22T23:35:53.727Z", "updated_at": "2025-09-22T23:36:00.710Z", "shipping_first_name": "Jesus", "shipping_last_name": "Christ", "shipping_phone": "777-777-7777", "shipping_email": "quaderone@pm.me", "shipping_address_line_1": "123456 south", "shipping_address_line_2": "", "shipping_country": "US", "shipping_state": "AZ", "shipping_city": "Glendale", "shipping_zip_code": "85302", "shipping_method": null, "supplier_name": null, "po_number": null, "supplier_order_date": null, "paypal_authorization_id": "3BK28009KD732983R", "paypal_order_id": null}}, {"model": "orders.order", "pk": 251, "fields": {"user": 25, "payment": 208, "order_number": "20250922251", "first_name": "Jesus", "last_name": "Christ", "phone": "777-777-7777", "email": "quaderone@pm.me", "address_line_1": "123456 south", "address_line_2": "", "country": "US", "state": "AZ", "city": "Glendale", "zip_code": "85302", "order_note": "", "order_total": "1018.98", "tax": "19.98", "shipping_cost": "0.00", "status": "AUTHORIZED", "tracking_number": null, "order_status": "PROCESSING", "is_ordered": false, "ip": "127.0.0.1", "created_at": "2025-09-22T23:36:23.272Z", "updated_at": "2025-09-22T23:36:30.635Z", "shipping_first_name": "Jesus", "shipping_last_name": "Christ", "shipping_phone": "777-777-7777", "shipping_email": "quaderone@pm.me", "shipping_address_line_1": "123456 south", "shipping_address_line_2": "", "shipping_country": "US", "shipping_state": "AZ", "shipping_city": "Glendale", "shipping_zip_code": "85302", "shipping_method": null, "supplier_name": null, "po_number": null, "supplier_order_date": null, "paypal_authorization_id": "9GU37902G09913403", "paypal_order_id": null}}, {"model": "orders.order", "pk": 252, "fields": {"user": 25, "payment": 209, "order_number": "20250922252", "first_name": "Jesus", "last_name": "Christ", "phone": "777-777-7777", "email": "quaderone@pm.me", "address_line_1": "123456 south", "address_line_2": "", "country": "US", "state": "AZ", "city": "Glendale", "zip_code": "85302", "order_note": "", "order_total": "4483.92", "tax": "87.92", "shipping_cost": "0.00", "status": "AUTHORIZED", "tracking_number": null, "order_status": "PROCESSING", "is_ordered": false, "ip": "127.0.0.1", "created_at": "2025-09-22T23:36:44.637Z", "updated_at": "2025-09-22T23:36:51.193Z", "shipping_first_name": "Jesus", "shipping_last_name": "Christ", "shipping_phone": "777-777-7777", "shipping_email": "quaderone@pm.me", "shipping_address_line_1": "123456 south", "shipping_address_line_2": "", "shipping_country": "US", "shipping_state": "AZ", "shipping_city": "Glendale", "shipping_zip_code": "85302", "shipping_method": null, "supplier_name": null, "po_number": null, "supplier_order_date": null, "paypal_authorization_id": "8YU58370V8562193K", "paypal_order_id": null}}, {"model": "orders.order", "pk": 253, "fields": {"user": 25, "payment": 210, "order_number": "20250922253", "first_name": "Jesus", "last_name": "Christ", "phone": "777-777-7777", "email": "quaderone@pm.me", "address_line_1": "123456 south", "address_line_2": "", "country": "US", "state": "AZ", "city": "Glendale", "zip_code": "85302", "order_note": "", "order_total": "30.59", "tax": "0.60", "shipping_cost": "0.00", "status": "CAPTURED", "tracking_number": null, "order_status": "PROCESSING", "is_ordered": true, "ip": "127.0.0.1", "created_at": "2025-09-22T23:59:47.233Z", "updated_at": "2025-09-23T00:00:46.890Z", "shipping_first_name": "Jesus", "shipping_last_name": "Christ", "shipping_phone": "777-777-7777", "shipping_email": "quaderone@pm.me", "shipping_address_line_1": "123456 south", "shipping_address_line_2": "", "shipping_country": "US", "shipping_state": "AZ", "shipping_city": "Glendale", "shipping_zip_code": "85302", "shipping_method": null, "supplier_name": null, "po_number": null, "supplier_order_date": null, "paypal_authorization_id": "6HL97598VC049235U", "paypal_order_id": null}}, {"model": "orders.order", "pk": 254, "fields": {"user": 25, "payment": 211, "order_number": "20250922254", "first_name": "Jesus", "last_name": "Christ", "phone": "777-777-7777", "email": "quaderone@pm.me", "address_line_1": "123456 south", "address_line_2": "", "country": "US", "state": "AZ", "city": "Glendale", "zip_code": "85302", "order_note": "", "order_total": "183.54", "tax": "3.60", "shipping_cost": "0.00", "status": "CAPTURED", "tracking_number": null, "order_status": "PROCESSING", "is_ordered": false, "ip": "127.0.0.1", "created_at": "2025-09-23T00:25:06.691Z", "updated_at": "2025-09-23T00:25:49.833Z", "shipping_first_name": "Jesus", "shipping_last_name": "Christ", "shipping_phone": "777-777-7777", "shipping_email": "quaderone@pm.me", "shipping_address_line_1": "123456 south", "shipping_address_line_2": "", "shipping_country": "US", "shipping_state": "AZ", "shipping_city": "Glendale", "shipping_zip_code": "85302", "shipping_method": null, "supplier_name": null, "po_number": null, "supplier_order_date": null, "paypal_authorization_id": "4YK15343X1745422C", "paypal_order_id": null}}, {"model": "orders.order", "pk": 255, "fields": {"user": 25, "payment": 212, "order_number": "20250925255", "first_name": "Jesus", "last_name": "Christ", "phone": "777-777-7777", "email": "quaderone@pm.me", "address_line_1": "123456 south", "address_line_2": "", "country": "US", "state": "AZ", "city": "Glendale", "zip_code": "85302", "order_note": "", "order_total": "45.54", "tax": "0.60", "shipping_cost": "14.95", "status": "AUTHORIZED", "tracking_number": null, "order_status": "PROCESSING", "is_ordered": false, "ip": "127.0.0.1", "created_at": "2025-09-25T21:59:48.200Z", "updated_at": "2025-09-25T22:00:07.769Z", "shipping_first_name": "Jesus", "shipping_last_name": "Christ", "shipping_phone": "777-777-7777", "shipping_email": "quaderone@pm.me", "shipping_address_line_1": "123456 south", "shipping_address_line_2": "", "shipping_country": "US", "shipping_state": "AZ", "shipping_city": "Glendale", "shipping_zip_code": "85302", "shipping_method": "FedEx Home Delivery", "supplier_name": null, "po_number": null, "supplier_order_date": null, "paypal_authorization_id": "2G787824RR228033P", "paypal_order_id": null}}, {"model": "orders.order", "pk": 256, "fields": {"user": 25, "payment": 213, "order_number": "20250925256", "first_name": "Jesus", "last_name": "Christ", "phone": "777-777-7777", "email": "quaderone@pm.me", "address_line_1": "123456 south", "address_line_2": "", "country": "US", "state": "AZ", "city": "Glendale", "zip_code": "85302", "order_note": "", "order_total": "112.86", "tax": "1.92", "shipping_cost": "14.95", "status": "AUTHORIZED", "tracking_number": null, "order_status": "PROCESSING", "is_ordered": false, "ip": "127.0.0.1", "created_at": "2025-09-25T22:10:11.235Z", "updated_at": "2025-09-25T22:10:11.298Z", "shipping_first_name": "Jesus", "shipping_last_name": "Christ", "shipping_phone": "777-777-7777", "shipping_email": "quaderone@pm.me", "shipping_address_line_1": "123456 south", "shipping_address_line_2": "", "shipping_country": "US", "shipping_state": "AZ", "shipping_city": "Glendale", "shipping_zip_code": "85302", "shipping_method": "FedEx Home Delivery", "supplier_name": null, "po_number": null, "supplier_order_date": null, "paypal_authorization_id": null, "paypal_order_id": null}}, {"model": "orders.order", "pk": 257, "fields": {"user": 25, "payment": 214, "order_number": "20250925257", "first_name": "Jesus", "last_name": "Christ", "phone": "777-777-7777", "email": "quaderone@pm.me", "address_line_1": "123456 south", "address_line_2": "", "country": "US", "state": "AZ", "city": "Glendale", "zip_code": "85302", "order_note": "", "order_total": "112.86", "tax": "1.92", "shipping_cost": "14.95", "status": "AUTHORIZED", "tracking_number": null, "order_status": "PROCESSING", "is_ordered": false, "ip": "127.0.0.1", "created_at": "2025-09-25T22:13:40.315Z", "updated_at": "2025-09-25T22:13:59.393Z", "shipping_first_name": "Jesus", "shipping_last_name": "Christ", "shipping_phone": "777-777-7777", "shipping_email": "quaderone@pm.me", "shipping_address_line_1": "123456 south", "shipping_address_line_2": "", "shipping_country": "US", "shipping_state": "AZ", "shipping_city": "Glendale", "shipping_zip_code": "85302", "shipping_method": "FedEx Home Delivery", "supplier_name": null, "po_number": null, "supplier_order_date": null, "paypal_authorization_id": "10703728KX451334W", "paypal_order_id": null}}, {"model": "orders.order", "pk": 258, "fields": {"user": 25, "payment": 215, "order_number": "20250925258", "first_name": "Jesus", "last_name": "Christ", "phone": "777-777-7777", "email": "quaderone@pm.me", "address_line_1": "123456 south", "address_line_2": "", "country": "US", "state": "AZ", "city": "Glendale", "zip_code": "85302", "order_note": "", "order_total": "112.86", "tax": "1.92", "shipping_cost": "14.95", "status": "AUTHORIZED", "tracking_number": null, "order_status": "PROCESSING", "is_ordered": false, "ip": "127.0.0.1", "created_at": "2025-09-25T22:16:00.595Z", "updated_at": "2025-09-25T22:16:08.125Z", "shipping_first_name": "Jesus", "shipping_last_name": "Christ", "shipping_phone": "777-777-7777", "shipping_email": "quaderone@pm.me", "shipping_address_line_1": "123456 south", "shipping_address_line_2": "", "shipping_country": "US", "shipping_state": "AZ", "shipping_city": "Glendale", "shipping_zip_code": "85302", "shipping_method": "FedEx Home Delivery", "supplier_name": null, "po_number": null, "supplier_order_date": null, "paypal_authorization_id": "5XS26875R9298870Y", "paypal_order_id": null}}, {"model": "orders.order", "pk": 259, "fields": {"user": 25, "payment": 216, "order_number": "20250925259", "first_name": "Jesus", "last_name": "Christ", "phone": "777-777-7777", "email": "quaderone@pm.me", "address_line_1": "123456 south", "address_line_2": "", "country": "US", "state": "AZ", "city": "Glendale", "zip_code": "85302", "order_note": "", "order_total": "112.86", "tax": "1.92", "shipping_cost": "14.95", "status": "AUTHORIZED", "tracking_number": null, "order_status": "PROCESSING", "is_ordered": false, "ip": "127.0.0.1", "created_at": "2025-09-25T22:26:13.188Z", "updated_at": "2025-09-25T22:26:24.579Z", "shipping_first_name": "Jesus", "shipping_last_name": "Christ", "shipping_phone": "777-777-7777", "shipping_email": "quaderone@pm.me", "shipping_address_line_1": "123456 south", "shipping_address_line_2": "", "shipping_country": "US", "shipping_state": "AZ", "shipping_city": "Glendale", "shipping_zip_code": "85302", "shipping_method": "FedEx Home Delivery", "supplier_name": null, "po_number": null, "supplier_order_date": null, "paypal_authorization_id": "5PB12892XM946544R", "paypal_order_id": null}}, {"model": "orders.order", "pk": 260, "fields": {"user": 25, "payment": 217, "order_number": "20250925260", "first_name": "Jesus", "last_name": "Christ", "phone": "777-777-7777", "email": "quaderone@pm.me", "address_line_1": "123456 south", "address_line_2": "", "country": "US", "state": "AZ", "city": "Glendale", "zip_code": "85302", "order_note": "", "order_total": "45.54", "tax": "0.60", "shipping_cost": "14.95", "status": "AUTHORIZED", "tracking_number": null, "order_status": "PROCESSING", "is_ordered": false, "ip": "127.0.0.1", "created_at": "2025-09-25T22:30:19.969Z", "updated_at": "2025-09-25T22:30:27.538Z", "shipping_first_name": "Jesus", "shipping_last_name": "Christ", "shipping_phone": "777-777-7777", "shipping_email": "quaderone@pm.me", "shipping_address_line_1": "123456 south", "shipping_address_line_2": "", "shipping_country": "US", "shipping_state": "AZ", "shipping_city": "Glendale", "shipping_zip_code": "85302", "shipping_method": "FedEx Home Delivery", "supplier_name": null, "po_number": null, "supplier_order_date": null, "paypal_authorization_id": "0LS82975W4727074P", "paypal_order_id": null}}, {"model": "orders.order", "pk": 261, "fields": {"user": 25, "payment": 218, "order_number": "20250925261", "first_name": "Jesus", "last_name": "Christ", "phone": "777-777-7777", "email": "quaderone@pm.me", "address_line_1": "123456 south", "address_line_2": "", "country": "US", "state": "AZ", "city": "Glendale", "zip_code": "85302", "order_note": "", "order_total": "45.54", "tax": "0.60", "shipping_cost": "14.95", "status": "AUTHORIZED", "tracking_number": null, "order_status": "PROCESSING", "is_ordered": false, "ip": "127.0.0.1", "created_at": "2025-09-25T22:30:54.159Z", "updated_at": "2025-09-25T22:30:54.208Z", "shipping_first_name": "Jesus", "shipping_last_name": "Christ", "shipping_phone": "777-777-7777", "shipping_email": "quaderone@pm.me", "shipping_address_line_1": "123456 south", "shipping_address_line_2": "", "shipping_country": "US", "shipping_state": "AZ", "shipping_city": "Glendale", "shipping_zip_code": "85302", "shipping_method": "FedEx Home Delivery", "supplier_name": null, "po_number": null, "supplier_order_date": null, "paypal_authorization_id": null, "paypal_order_id": null}}, {"model": "orders.order", "pk": 262, "fields": {"user": 25, "payment": 219, "order_number": "20250925262", "first_name": "Jesus", "last_name": "Christ", "phone": "777-777-7777", "email": "quaderone@pm.me", "address_line_1": "123456 south", "address_line_2": "", "country": "US", "state": "AZ", "city": "Glendale", "zip_code": "85302", "order_note": "", "order_total": "45.54", "tax": "0.60", "shipping_cost": "14.95", "status": "AUTHORIZED", "tracking_number": null, "order_status": "PROCESSING", "is_ordered": false, "ip": "127.0.0.1", "created_at": "2025-09-25T22:31:05.759Z", "updated_at": "2025-09-25T22:31:12.260Z", "shipping_first_name": "Jesus", "shipping_last_name": "Christ", "shipping_phone": "777-777-7777", "shipping_email": "quaderone@pm.me", "shipping_address_line_1": "123456 south", "shipping_address_line_2": "", "shipping_country": "US", "shipping_state": "AZ", "shipping_city": "Glendale", "shipping_zip_code": "85302", "shipping_method": "FedEx Home Delivery", "supplier_name": null, "po_number": null, "supplier_order_date": null, "paypal_authorization_id": "54M240762P2831720", "paypal_order_id": null}}, {"model": "orders.order", "pk": 263, "fields": {"user": 25, "payment": 220, "order_number": "20250925263", "first_name": "Jesus", "last_name": "Christ", "phone": "777-777-7777", "email": "quaderone@pm.me", "address_line_1": "123456 south", "address_line_2": "", "country": "US", "state": "AZ", "city": "Glendale", "zip_code": "85302", "order_note": "", "order_total": "45.54", "tax": "0.60", "shipping_cost": "14.95", "status": "AUTHORIZED", "tracking_number": null, "order_status": "PROCESSING", "is_ordered": false, "ip": "127.0.0.1", "created_at": "2025-09-25T22:34:31.994Z", "updated_at": "2025-09-25T22:34:39.402Z", "shipping_first_name": "Jesus", "shipping_last_name": "Christ", "shipping_phone": "777-777-7777", "shipping_email": "quaderone@pm.me", "shipping_address_line_1": "123456 south", "shipping_address_line_2": "", "shipping_country": "US", "shipping_state": "AZ", "shipping_city": "Glendale", "shipping_zip_code": "85302", "shipping_method": "FedEx Home Delivery", "supplier_name": null, "po_number": null, "supplier_order_date": null, "paypal_authorization_id": "1VG928243E497463M", "paypal_order_id": null}}, {"model": "orders.order", "pk": 264, "fields": {"user": 25, "payment": 221, "order_number": "20250925264", "first_name": "Jesus", "last_name": "Christ", "phone": "777-777-7777", "email": "quaderone@pm.me", "address_line_1": "123456 south", "address_line_2": "", "country": "US", "state": "AZ", "city": "Glendale", "zip_code": "85302", "order_note": "", "order_total": "45.54", "tax": "0.60", "shipping_cost": "14.95", "status": "AUTHORIZED", "tracking_number": null, "order_status": "PROCESSING", "is_ordered": false, "ip": "127.0.0.1", "created_at": "2025-09-25T22:59:01.868Z", "updated_at": "2025-09-25T22:59:13.641Z", "shipping_first_name": "Jesus", "shipping_last_name": "Christ", "shipping_phone": "777-777-7777", "shipping_email": "quaderone@pm.me", "shipping_address_line_1": "123456 south", "shipping_address_line_2": "", "shipping_country": "US", "shipping_state": "AZ", "shipping_city": "Glendale", "shipping_zip_code": "85302", "shipping_method": "FedEx Home Delivery", "supplier_name": null, "po_number": null, "supplier_order_date": null, "paypal_authorization_id": "2VX75700RW5350834", "paypal_order_id": null}}, {"model": "orders.order", "pk": 265, "fields": {"user": 25, "payment": 222, "order_number": "20250925265", "first_name": "Jesus", "last_name": "Christ", "phone": "777-777-7777", "email": "quaderone@pm.me", "address_line_1": "123456 south", "address_line_2": "", "country": "US", "state": "AZ", "city": "Glendale", "zip_code": "85302", "order_note": "", "order_total": "45.54", "tax": "0.60", "shipping_cost": "14.95", "status": "AUTHORIZED", "tracking_number": null, "order_status": "PROCESSING", "is_ordered": false, "ip": "127.0.0.1", "created_at": "2025-09-25T23:02:32.249Z", "updated_at": "2025-09-25T23:02:40.166Z", "shipping_first_name": "Jesus", "shipping_last_name": "Christ", "shipping_phone": "777-777-7777", "shipping_email": "quaderone@pm.me", "shipping_address_line_1": "123456 south", "shipping_address_line_2": "", "shipping_country": "US", "shipping_state": "AZ", "shipping_city": "Glendale", "shipping_zip_code": "85302", "shipping_method": "FedEx Home Delivery", "supplier_name": null, "po_number": null, "supplier_order_date": null, "paypal_authorization_id": "1V951555LS9798450", "paypal_order_id": null}}, {"model": "orders.order", "pk": 266, "fields": {"user": 25, "payment": 223, "order_number": "20250925266", "first_name": "Jesus", "last_name": "Christ", "phone": "777-777-7777", "email": "quaderone@pm.me", "address_line_1": "123456 south", "address_line_2": "", "country": "US", "state": "AZ", "city": "Glendale", "zip_code": "85302", "order_note": "", "order_total": "45.54", "tax": "0.60", "shipping_cost": "14.95", "status": "AUTHORIZED", "tracking_number": null, "order_status": "PROCESSING", "is_ordered": false, "ip": "127.0.0.1", "created_at": "2025-09-25T23:04:29.800Z", "updated_at": "2025-09-25T23:08:26.040Z", "shipping_first_name": "Jesus", "shipping_last_name": "Christ", "shipping_phone": "777-777-7777", "shipping_email": "quaderone@pm.me", "shipping_address_line_1": "123456 south", "shipping_address_line_2": "", "shipping_country": "US", "shipping_state": "AZ", "shipping_city": "Glendale", "shipping_zip_code": "85302", "shipping_method": "FedEx Home Delivery", "supplier_name": null, "po_number": null, "supplier_order_date": null, "paypal_authorization_id": "6SL91826HY6365542", "paypal_order_id": null}}, {"model": "orders.order", "pk": 267, "fields": {"user": 25, "payment": 224, "order_number": "20250925267", "first_name": "Jesus", "last_name": "Christ", "phone": "777-777-7777", "email": "quaderone@pm.me", "address_line_1": "123456 south", "address_line_2": "", "country": "US", "state": "AZ", "city": "Glendale", "zip_code": "85302", "order_note": "", "order_total": "45.54", "tax": "0.60", "shipping_cost": "14.95", "status": "CAPTURED", "tracking_number": "5858585885", "order_status": "SHIPPED", "is_ordered": true, "ip": "127.0.0.1", "created_at": "2025-09-25T23:08:43.165Z", "updated_at": "2025-09-26T19:54:25.096Z", "shipping_first_name": "Jesus", "shipping_last_name": "Christ", "shipping_phone": "777-777-7777", "shipping_email": "quaderone@pm.me", "shipping_address_line_1": "123456 south", "shipping_address_line_2": "", "shipping_country": "US", "shipping_state": "AZ", "shipping_city": "Glendale", "shipping_zip_code": "85302", "shipping_method": "FedEx Home Delivery", "supplier_name": null, "po_number": null, "supplier_order_date": null, "paypal_authorization_id": "3RT41113DR774945D", "paypal_order_id": null}}, {"model": "orders.order", "pk": 268, "fields": {"user": 25, "payment": 225, "order_number": "20250925268", "first_name": "Jesus", "last_name": "Christ", "phone": "777-777-7777", "email": "quaderone@pm.me", "address_line_1": "123456 south", "address_line_2": "", "country": "US", "state": "AZ", "city": "Glendale", "zip_code": "85302", "order_note": "", "order_total": "45.54", "tax": "0.60", "shipping_cost": "14.95", "status": "CAPTURED", "tracking_number": "876543214", "order_status": "SHIPPED", "is_ordered": false, "ip": "127.0.0.1", "created_at": "2025-09-25T23:12:06.107Z", "updated_at": "2025-09-26T19:26:33.653Z", "shipping_first_name": "Jesus", "shipping_last_name": "Christ", "shipping_phone": "777-777-7777", "shipping_email": "quaderone@pm.me", "shipping_address_line_1": "123456 south", "shipping_address_line_2": "", "shipping_country": "US", "shipping_state": "AZ", "shipping_city": "Glendale", "shipping_zip_code": "85302", "shipping_method": "FedEx Home Delivery", "supplier_name": null, "po_number": null, "supplier_order_date": null, "paypal_authorization_id": "0J9068275B537161A", "paypal_order_id": null}}, {"model": "orders.order", "pk": 269, "fields": {"user": 25, "payment": 226, "order_number": "20250925269", "first_name": "Jesus", "last_name": "Christ", "phone": "777-777-7777", "email": "quaderone@pm.me", "address_line_1": "123456 south", "address_line_2": "", "country": "US", "state": "AZ", "city": "Glendale", "zip_code": "85302", "order_note": "", "order_total": "45.54", "tax": "0.60", "shipping_cost": "14.95", "status": "CAPTURED", "tracking_number": "987654321", "order_status": "SHIPPED", "is_ordered": false, "ip": "127.0.0.1", "created_at": "2025-09-25T23:22:04.473Z", "updated_at": "2025-09-26T19:18:45.352Z", "shipping_first_name": "Jesus", "shipping_last_name": "Christ", "shipping_phone": "777-777-7777", "shipping_email": "quaderone@pm.me", "shipping_address_line_1": "123456 south", "shipping_address_line_2": "", "shipping_country": "US", "shipping_state": "AZ", "shipping_city": "Glendale", "shipping_zip_code": "85302", "shipping_method": "FedEx Home Delivery", "supplier_name": null, "po_number": null, "supplier_order_date": null, "paypal_authorization_id": "0S3688560P770213C", "paypal_order_id": null}}, {"model": "orders.order", "pk": 270, "fields": {"user": 25, "payment": 227, "order_number": "20250925270", "first_name": "Jesus", "last_name": "Christ", "phone": "777-777-7777", "email": "quaderone@pm.me", "address_line_1": "123456 south", "address_line_2": "", "country": "US", "state": "AZ", "city": "Glendale", "zip_code": "85302", "order_note": "", "order_total": "148.91", "tax": "2.92", "shipping_cost": "0.00", "status": "CAPTURED", "tracking_number": "123456789", "order_status": "SHIPPED", "is_ordered": true, "ip": "127.0.0.1", "created_at": "2025-09-25T23:47:46.559Z", "updated_at": "2025-09-26T21:52:25.614Z", "shipping_first_name": "Jesus", "shipping_last_name": "Christ", "shipping_phone": "777-777-7777", "shipping_email": "quaderone@pm.me", "shipping_address_line_1": "123456 south", "shipping_address_line_2": "", "shipping_country": "US", "shipping_state": "AZ", "shipping_city": "Glendale", "shipping_zip_code": "85302", "shipping_method": "Free Shipping", "supplier_name": "AF Wholesale", "po_number": "987789654", "supplier_order_date": "2025-09-26", "paypal_authorization_id": "7YB59193W3138294X", "paypal_order_id": null}}, {"model": "orders.order", "pk": 271, "fields": {"user": 25, "payment": 228, "order_number": "20250925271", "first_name": "Jesus", "last_name": "Christ", "phone": "777-777-7777", "email": "quaderone@pm.me", "address_line_1": "123456 south", "address_line_2": "", "country": "US", "state": "AZ", "city": "Glendale", "zip_code": "85302", "order_note": "", "order_total": "304.98", "tax": "5.98", "shipping_cost": "0.00", "status": "CAPTURED", "tracking_number": "123456789", "order_status": "SHIPPED", "is_ordered": true, "ip": "127.0.0.1", "created_at": "2025-09-25T23:48:33.970Z", "updated_at": "2025-09-26T20:07:59.986Z", "shipping_first_name": "Jesus", "shipping_last_name": "Christ", "shipping_phone": "777-777-7777", "shipping_email": "quaderone@pm.me", "shipping_address_line_1": "123456 south", "shipping_address_line_2": "", "shipping_country": "US", "shipping_state": "AZ", "shipping_city": "Glendale", "shipping_zip_code": "85302", "shipping_method": "Free Shipping", "supplier_name": null, "po_number": null, "supplier_order_date": null, "paypal_authorization_id": "2P9123110V054235R", "paypal_order_id": null}}, {"model": "orders.order", "pk": 272, "fields": {"user": 25, "payment": 229, "order_number": "20250926272", "first_name": "Jesus", "last_name": "Christ", "phone": "777-777-7777", "email": "quaderone@pm.me", "address_line_1": "123456 south", "address_line_2": "", "country": "US", "state": "AZ", "city": "Glendale", "zip_code": "85302", "order_note": "", "order_total": "76.13", "tax": "1.20", "shipping_cost": "14.95", "status": "CAPTURED", "tracking_number": "8888888888", "order_status": "SHIPPED", "is_ordered": true, "ip": "127.0.0.1", "created_at": "2025-09-26T20:48:33.323Z", "updated_at": "2025-09-26T20:49:48.754Z", "shipping_first_name": "Jesus", "shipping_last_name": "Christ", "shipping_phone": "777-777-7777", "shipping_email": "quaderone@pm.me", "shipping_address_line_1": "123456 south", "shipping_address_line_2": "", "shipping_country": "US", "shipping_state": "AZ", "shipping_city": "Glendale", "shipping_zip_code": "85302", "shipping_method": "FedEx Home Delivery", "supplier_name": null, "po_number": null, "supplier_order_date": null, "paypal_authorization_id": "44V21048BM143583A", "paypal_order_id": null}}, {"model": "orders.order", "pk": 273, "fields": {"user": 25, "payment": 230, "order_number": "20250926273", "first_name": "Jesus", "last_name": "Christ", "phone": "777-777-7777", "email": "quaderone@pm.me", "address_line_1": "123456 south", "address_line_2": "", "country": "US", "state": "AZ", "city": "Glendale", "zip_code": "85302", "order_note": "", "order_total": "297.82", "tax": "5.84", "shipping_cost": "0.00", "status": "AUTHORIZED", "tracking_number": null, "order_status": "PROCESSING", "is_ordered": false, "ip": "127.0.0.1", "created_at": "2025-09-26T20:52:51.133Z", "updated_at": "2025-09-26T21:59:38.583Z", "shipping_first_name": "Jesus", "shipping_last_name": "Christ", "shipping_phone": "777-777-7777", "shipping_email": "quaderone@pm.me", "shipping_address_line_1": "123456 south", "shipping_address_line_2": "", "shipping_country": "US", "shipping_state": "AZ", "shipping_city": "Glendale", "shipping_zip_code": "85302", "shipping_method": "Free Shipping", "supplier_name": null, "po_number": null, "supplier_order_date": null, "paypal_authorization_id": "3HE40306UN697802Y", "paypal_order_id": null}}, {"model": "orders.order", "pk": 274, "fields": {"user": 25, "payment": 231, "order_number": "20250928274", "first_name": "Jesus", "last_name": "Christ", "phone": "777-777-7777", "email": "quaderone@pm.me", "address_line_1": "123456 south", "address_line_2": "", "country": "US", "state": "AZ", "city": "Glendale", "zip_code": "85302", "order_note": "", "order_total": "148.91", "tax": "2.92", "shipping_cost": "0.00", "status": "AUTHORIZED", "tracking_number": null, "order_status": "PROCESSING", "is_ordered": false, "ip": "127.0.0.1", "created_at": "2025-09-28T13:33:42.271Z", "updated_at": "2025-09-28T13:33:54.876Z", "shipping_first_name": "Jesus", "shipping_last_name": "Christ", "shipping_phone": "777-777-7777", "shipping_email": "quaderone@pm.me", "shipping_address_line_1": "123456 south", "shipping_address_line_2": "", "shipping_country": "US", "shipping_state": "AZ", "shipping_city": "Glendale", "shipping_zip_code": "85302", "shipping_method": "Free Shipping", "supplier_name": null, "po_number": null, "supplier_order_date": null, "paypal_authorization_id": "6LP16411VN003892K", "paypal_order_id": null}}, {"model": "orders.order", "pk": 275, "fields": {"user": 25, "payment": 232, "order_number": "20250929275", "first_name": "Jesus", "last_name": "Christ", "phone": "777-777-7777", "email": "quaderone@pm.me", "address_line_1": "123456 south", "address_line_2": "", "country": "US", "state": "AZ", "city": "Glendale", "zip_code": "85302", "order_note": "", "order_total": "45.54", "tax": "0.60", "shipping_cost": "14.95", "status": "AUTHORIZED", "tracking_number": null, "order_status": "PROCESSING", "is_ordered": false, "ip": "127.0.0.1", "created_at": "2025-09-29T22:08:51.842Z", "updated_at": "2025-09-29T22:08:51.902Z", "shipping_first_name": "Jesus", "shipping_last_name": "Christ", "shipping_phone": "777-777-7777", "shipping_email": "quaderone@pm.me", "shipping_address_line_1": "123456 south", "shipping_address_line_2": "", "shipping_country": "US", "shipping_state": "AZ", "shipping_city": "Glendale", "shipping_zip_code": "85302", "shipping_method": "Standard Shipping", "supplier_name": null, "po_number": null, "supplier_order_date": null, "paypal_authorization_id": null, "paypal_order_id": null}}, {"model": "orders.order", "pk": 282, "fields": {"user": 25, "payment": 233, "order_number": "20250930282", "first_name": "Jesus", "last_name": "Christ", "phone": "777-777-7777", "email": "quaderone@pm.me", "address_line_1": "123456 south", "address_line_2": "", "country": "US", "state": "AZ", "city": "Glendale", "zip_code": "85302", "order_note": "", "order_total": "103.94", "tax": "1.92", "shipping_cost": "6.03", "status": "AUTHORIZED", "tracking_number": null, "order_status": "PROCESSING", "is_ordered": false, "ip": "127.0.0.1", "created_at": "2025-09-30T19:46:43.300Z", "updated_at": "2025-09-30T19:46:58.123Z", "shipping_first_name": "Jesus", "shipping_last_name": "Christ", "shipping_phone": "777-777-7777", "shipping_email": "quaderone@pm.me", "shipping_address_line_1": "123456 south", "shipping_address_line_2": "", "shipping_country": "US", "shipping_state": "AZ", "shipping_city": "Glendale", "shipping_zip_code": "85302", "shipping_method": "USPS GroundAdvantage", "supplier_name": null, "po_number": null, "supplier_order_date": null, "paypal_authorization_id": "0Y945416EY778544L", "paypal_order_id": null}}, {"model": "orders.order", "pk": 283, "fields": {"user": 25, "payment": 234, "order_number": "20250930283", "first_name": "Jesus", "last_name": "Christ", "phone": "777-777-7777", "email": "quaderone@pm.me", "address_line_1": "123456 south", "address_line_2": "", "country": "US", "state": "AZ", "city": "Glendale", "zip_code": "85302", "order_note": "", "order_total": "107.02", "tax": "1.80", "shipping_cost": "15.25", "status": "AUTHORIZED", "tracking_number": null, "order_status": "PROCESSING", "is_ordered": false, "ip": "127.0.0.1", "created_at": "2025-09-30T20:06:25.588Z", "updated_at": "2025-09-30T20:06:43.637Z", "shipping_first_name": "Jesus", "shipping_last_name": "Christ", "shipping_phone": "777-777-7777", "shipping_email": "quaderone@pm.me", "shipping_address_line_1": "123456 south", "shipping_address_line_2": "", "shipping_country": "US", "shipping_state": "AZ", "shipping_city": "Glendale", "shipping_zip_code": "85302", "shipping_method": "USPS GroundAdvantage", "supplier_name": null, "po_number": null, "supplier_order_date": null, "paypal_authorization_id": "2JK72095WW965605B", "paypal_order_id": null}}, {"model": "orders.order", "pk": 284, "fields": {"user": 25, "payment": 235, "order_number": "20250930284", "first_name": "Jesus", "last_name": "Christ", "phone": "777-777-7777", "email": "quaderone@pm.me", "address_line_1": "123456 south", "address_line_2": "", "country": "US", "state": "AZ", "city": "Glendale", "zip_code": "85302", "order_note": "", "order_total": "58.38", "tax": "0.60", "shipping_cost": "27.79", "status": "AUTHORIZED", "tracking_number": null, "order_status": "PROCESSING", "is_ordered": false, "ip": "127.0.0.1", "created_at": "2025-09-30T20:27:14.480Z", "updated_at": "2025-09-30T20:27:28.808Z", "shipping_first_name": "Jesus", "shipping_last_name": "Christ", "shipping_phone": "777-777-7777", "shipping_email": "jesuschrist11@gmail.com", "shipping_address_line_1": "47 W 13th Street", "shipping_address_line_2": "", "shipping_country": "US", "shipping_state": "NY", "shipping_city": "New York", "shipping_zip_code": "10011", "shipping_method": "USPS GroundAdvantage", "supplier_name": null, "po_number": null, "supplier_order_date": null, "paypal_authorization_id": "26X53326AK523273D", "paypal_order_id": null}}, {"model": "orders.order", "pk": 285, "fields": {"user": 25, "payment": 236, "order_number": "20250930285", "first_name": "Jesus", "last_name": "Christ", "phone": "777-777-7777", "email": "quaderone@pm.me", "address_line_1": "123456 south", "address_line_2": "", "country": "US", "state": "AZ", "city": "Glendale", "zip_code": "85302", "order_note": "", "order_total": "107.30", "tax": "1.92", "shipping_cost": "9.39", "status": "CAPTURED", "tracking_number": "9898988889", "order_status": "SHIPPED", "is_ordered": true, "ip": "127.0.0.1", "created_at": "2025-09-30T20:33:51.995Z", "updated_at": "2025-09-30T20:35:55.693Z", "shipping_first_name": "Jesus", "shipping_last_name": "Christ", "shipping_phone": "777-777-7777", "shipping_email": "jesuschrist11@gmail.com", "shipping_address_line_1": "47 W 13th Street", "shipping_address_line_2": "", "shipping_country": "US", "shipping_state": "NY", "shipping_city": "New York", "shipping_zip_code": "10011", "shipping_method": "USPS GroundAdvantage", "supplier_name": null, "po_number": null, "supplier_order_date": null, "paypal_authorization_id": "97H71096E4886250Y", "paypal_order_id": null}}, {"model": "orders.order", "pk": 286, "fields": {"user": 25, "payment": 237, "order_number": "20250930286", "first_name": "Jesus", "last_name": "Christ", "phone": "777-777-7777", "email": "quaderone@pm.me", "address_line_1": "123456 south", "address_line_2": "", "country": "US", "state": "AZ", "city": "Glendale", "zip_code": "85302", "order_note": "", "order_total": "119.56", "tax": "1.80", "shipping_cost": "27.79", "status": "CAPTURED", "tracking_number": "98765478965478", "order_status": "SHIPPED", "is_ordered": true, "ip": "127.0.0.1", "created_at": "2025-09-30T20:58:35.453Z", "updated_at": "2025-09-30T21:00:17.888Z", "shipping_first_name": "Jesus", "shipping_last_name": "Christ", "shipping_phone": "777-777-7777", "shipping_email": "jesuschrist11@gmail.com", "shipping_address_line_1": "47 W 13th Street", "shipping_address_line_2": "", "shipping_country": "US", "shipping_state": "NY", "shipping_city": "New York", "shipping_zip_code": "10011", "shipping_method": "USPS GroundAdvantage", "supplier_name": null, "po_number": null, "supplier_order_date": null, "paypal_authorization_id": "88366231N26551948", "paypal_order_id": null}}, {"model": "orders.order", "pk": 287, "fields": {"user": 25, "payment": 238, "order_number": "20250930287", "first_name": "Jesus", "last_name": "Christ", "phone": "777-777-7777", "email": "quaderone@pm.me", "address_line_1": "123456 south", "address_line_2": "", "country": "US", "state": "AZ", "city": "Glendale", "zip_code": "85302", "order_note": "", "order_total": "61.18", "tax": "1.20", "shipping_cost": "0.00", "status": "AUTHORIZED", "tracking_number": null, "order_status": "PROCESSING", "is_ordered": false, "ip": "127.0.0.1", "created_at": "2025-09-30T22:09:58.128Z", "updated_at": "2025-09-30T22:10:13.615Z", "shipping_first_name": "Jesus", "shipping_last_name": "Christ", "shipping_phone": "777-777-7777", "shipping_email": "jesuschrist11@gmail.com", "shipping_address_line_1": "47 W 13th Street", "shipping_address_line_2": "", "shipping_country": "US", "shipping_state": "NY", "shipping_city": "New York", "shipping_zip_code": "10011", "shipping_method": "Standard", "supplier_name": null, "po_number": null, "supplier_order_date": null, "paypal_authorization_id": "2MS19936HA5170537", "paypal_order_id": null}}, {"model": "orders.order", "pk": 288, "fields": {"user": 25, "payment": 239, "order_number": "20250930288", "first_name": "Jesus", "last_name": "Christ", "phone": "777-777-7777", "email": "quaderone@pm.me", "address_line_1": "123456 south", "address_line_2": "", "country": "US", "state": "AZ", "city": "Glendale", "zip_code": "85302", "order_note": "", "order_total": "91.77", "tax": "1.80", "shipping_cost": "0.00", "status": "AUTHORIZED", "tracking_number": null, "order_status": "PROCESSING", "is_ordered": false, "ip": "127.0.0.1", "created_at": "2025-09-30T23:33:41.158Z", "updated_at": "2025-09-30T23:34:05.306Z", "shipping_first_name": "Jesus", "shipping_last_name": "Christ", "shipping_phone": "777-777-7777", "shipping_email": "jesuschrist11@gmail.com", "shipping_address_line_1": "47 W 13th Street", "shipping_address_line_2": "", "shipping_country": "US", "shipping_state": "NY", "shipping_city": "New York", "shipping_zip_code": "10011", "shipping_method": "Standard", "supplier_name": null, "po_number": null, "supplier_order_date": null, "paypal_authorization_id": "5RX145201W729633S", "paypal_order_id": null}}, {"model": "orders.order", "pk": 289, "fields": {"user": 25, "payment": 240, "order_number": "20250930289", "first_name": "Jesus", "last_name": "Christ", "phone": "777-777-7777", "email": "quaderone@pm.me", "address_line_1": "123456 south", "address_line_2": "", "country": "US", "state": "AZ", "city": "Glendale", "zip_code": "85302", "order_note": "", "order_total": "97.91", "tax": "1.92", "shipping_cost": "0.00", "status": "AUTHORIZED", "tracking_number": null, "order_status": "PROCESSING", "is_ordered": false, "ip": "127.0.0.1", "created_at": "2025-09-30T23:35:16.898Z", "updated_at": "2025-09-30T23:35:16.977Z", "shipping_first_name": "Jesus", "shipping_last_name": "Christ", "shipping_phone": "777-777-7777", "shipping_email": "jesuschrist11@gmail.com", "shipping_address_line_1": "47 W 13th Street", "shipping_address_line_2": "", "shipping_country": "US", "shipping_state": "NY", "shipping_city": "New York", "shipping_zip_code": "10011", "shipping_method": "Standard", "supplier_name": null, "po_number": null, "supplier_order_date": null, "paypal_authorization_id": null, "paypal_order_id": null}}, {"model": "orders.order", "pk": 303, "fields": {"user": 25, "payment": 244, "order_number": "20251002303", "first_name": "Jesus", "last_name": "Christ", "phone": "777-777-7777", "email": "quaderone@pm.me", "address_line_1": "123456 south", "address_line_2": "", "country": "US", "state": "AZ", "city": "Glendale", "zip_code": "85302", "order_note": "", "order_total": "97.91", "tax": "1.92", "shipping_cost": "0.00", "status": "AUTHORIZED", "tracking_number": null, "order_status": "PROCESSING", "is_ordered": false, "ip": "127.0.0.1", "created_at": "2025-10-02T23:19:36.427Z", "updated_at": "2025-10-02T23:19:58.269Z", "shipping_first_name": "Jesus", "shipping_last_name": "Christ", "shipping_phone": "777-777-7777", "shipping_email": "quaderone@pm.me", "shipping_address_line_1": "123456 south", "shipping_address_line_2": "", "shipping_country": "US", "shipping_state": "AZ", "shipping_city": "Glendale", "shipping_zip_code": "85302", "shipping_method": "Standard", "supplier_name": null, "po_number": null, "supplier_order_date": null, "paypal_authorization_id": "31T57404J9019264W", "paypal_order_id": null}}, {"model": "orders.order", "pk": 307, "fields": {"user": 25, "payment": 248, "order_number": "20251002307", "first_name": "Jesus", "last_name": "Christ", "phone": "777-777-7777", "email": "quaderone@pm.me", "address_line_1": "123456 south", "address_line_2": "", "country": "US", "state": "AZ", "city": "Glendale", "zip_code": "85302", "order_note": "", "order_total": "91.77", "tax": "1.80", "shipping_cost": "0.00", "status": "AUTHORIZED", "tracking_number": null, "order_status": "PROCESSING", "is_ordered": false, "ip": "127.0.0.1", "created_at": "2025-10-02T23:42:56.043Z", "updated_at": "2025-10-02T23:42:58.099Z", "shipping_first_name": "Jesus", "shipping_last_name": "Christ", "shipping_phone": "777-777-7777", "shipping_email": "quaderone@pm.me", "shipping_address_line_1": "123456 south", "shipping_address_line_2": "", "shipping_country": "US", "shipping_state": "AZ", "shipping_city": "Glendale", "shipping_zip_code": "85302", "shipping_method": "Standard", "supplier_name": null, "po_number": null, "supplier_order_date": null, "paypal_authorization_id": null, "paypal_order_id": null}}, {"model": "orders.order", "pk": 320, "fields": {"user": 25, "payment": 252, "order_number": "20251003320", "first_name": "Jesus", "last_name": "Christ", "phone": "777-777-7777", "email": "quaderone@pm.me", "address_line_1": "123456 south", "address_line_2": "", "country": "US", "state": "AZ", "city": "Glendale", "zip_code": "85302", "order_note": "", "order_total": "106.99", "tax": "1.92", "shipping_cost": "9.08", "status": "CAPTURED", "tracking_number": "111111111111", "order_status": "SHIPPED", "is_ordered": true, "ip": "", "created_at": "2025-10-03T20:38:46.502Z", "updated_at": "2025-10-03T20:40:31.803Z", "shipping_first_name": "Jesus", "shipping_last_name": "Christ", "shipping_phone": "777-777-7777", "shipping_email": "quaderone@pm.me", "shipping_address_line_1": "123456 south", "shipping_address_line_2": "", "shipping_country": "US", "shipping_state": "AZ", "shipping_city": "Glendale", "shipping_zip_code": "85302", "shipping_method": "USPS Priority", "supplier_name": null, "po_number": null, "supplier_order_date": null, "paypal_authorization_id": "0U1272768W223342T", "paypal_order_id": "8HK365766M953501R"}}, {"model": "orders.order", "pk": 322, "fields": {"user": 25, "payment": 254, "order_number": "20251003322", "first_name": "Jesus", "last_name": "Christ", "phone": "777-777-7777", "email": "quaderone@pm.me", "address_line_1": "123456 south", "address_line_2": "", "country": "US", "state": "AZ", "city": "Glendale", "zip_code": "85302", "order_note": "", "order_total": "195.82", "tax": "3.84", "shipping_cost": "0.00", "status": "AUTHORIZED", "tracking_number": null, "order_status": "PROCESSING", "is_ordered": false, "ip": "", "created_at": "2025-10-03T22:00:10.475Z", "updated_at": "2025-10-03T22:00:22.363Z", "shipping_first_name": "Jesus", "shipping_last_name": "Christ", "shipping_phone": "777-777-7777", "shipping_email": "quaderone@pm.me", "shipping_address_line_1": "123456 south", "shipping_address_line_2": "", "shipping_country": "US", "shipping_state": "AZ", "shipping_city": "Glendale", "shipping_zip_code": "85302", "shipping_method": "Free Shipping", "supplier_name": null, "po_number": null, "supplier_order_date": null, "paypal_authorization_id": "3X7384812X796901H", "paypal_order_id": "20L70047913447540"}}, {"model": "orders.order", "pk": 323, "fields": {"user": 25, "payment": 255, "order_number": "20251003323", "first_name": "Jesus", "last_name": "Christ", "phone": "777-777-7777", "email": "quaderone@pm.me", "address_line_1": "123456 south", "address_line_2": "", "country": "US", "state": "AZ", "city": "Glendale", "zip_code": "85302", "order_note": "", "order_total": "148.91", "tax": "2.92", "shipping_cost": "0.00", "status": "AUTHORIZED", "tracking_number": null, "order_status": "PROCESSING", "is_ordered": false, "ip": "", "created_at": "2025-10-03T22:03:19.235Z", "updated_at": "2025-10-03T22:03:28.938Z", "shipping_first_name": "Jesus", "shipping_last_name": "Christ", "shipping_phone": "777-777-7777", "shipping_email": "quaderone@pm.me", "shipping_address_line_1": "123456 south", "shipping_address_line_2": "", "shipping_country": "US", "shipping_state": "AZ", "shipping_city": "Glendale", "shipping_zip_code": "85302", "shipping_method": "Free Shipping", "supplier_name": null, "po_number": null, "supplier_order_date": null, "paypal_authorization_id": "7GG94427EL934140M", "paypal_order_id": "7UN10031RS3442715"}}, {"model": "orders.order", "pk": 324, "fields": {"user": 25, "payment": 256, "order_number": "20251003324", "first_name": "Jesus", "last_name": "Christ", "phone": "777-777-7777", "email": "quaderone@pm.me", "address_line_1": "123456 south", "address_line_2": "", "country": "US", "state": "AZ", "city": "Glendale", "zip_code": "85302", "order_note": "", "order_total": "106.99", "tax": "1.92", "shipping_cost": "9.08", "status": "AUTHORIZED", "tracking_number": null, "order_status": "PROCESSING", "is_ordered": false, "ip": "", "created_at": "2025-10-03T22:04:09.226Z", "updated_at": "2025-10-03T22:04:16.443Z", "shipping_first_name": "Jesus", "shipping_last_name": "Christ", "shipping_phone": "777-777-7777", "shipping_email": "quaderone@pm.me", "shipping_address_line_1": "123456 south", "shipping_address_line_2": "", "shipping_country": "US", "shipping_state": "AZ", "shipping_city": "Glendale", "shipping_zip_code": "85302", "shipping_method": "USPS Priority", "supplier_name": null, "po_number": null, "supplier_order_date": null, "paypal_authorization_id": "57H70042PA078111J", "paypal_order_id": "56F585136Y661103R"}}, {"model": "orders.order", "pk": 325, "fields": {"user": 25, "payment": 257, "order_number": "20251003325", "first_name": "Jesus", "last_name": "Christ", "phone": "777-777-7777", "email": "quaderone@pm.me", "address_line_1": "123456 south", "address_line_2": "", "country": "US", "state": "AZ", "city": "Glendale", "zip_code": "85302", "order_note": "", "order_total": "106.99", "tax": "1.92", "shipping_cost": "9.08", "status": "AUTHORIZED", "tracking_number": null, "order_status": "PROCESSING", "is_ordered": false, "ip": "", "created_at": "2025-10-03T22:07:46.426Z", "updated_at": "2025-10-03T22:07:47.665Z", "shipping_first_name": "Jesus", "shipping_last_name": "Christ", "shipping_phone": "777-777-7777", "shipping_email": "quaderone@pm.me", "shipping_address_line_1": "123456 south", "shipping_address_line_2": "", "shipping_country": "US", "shipping_state": "AZ", "shipping_city": "Glendale", "shipping_zip_code": "85302", "shipping_method": "USPS Priority", "supplier_name": null, "po_number": null, "supplier_order_date": null, "paypal_authorization_id": null, "paypal_order_id": "7XC96857KT674264Y"}}, {"model": "orders.order", "pk": 327, "fields": {"user": 25, "payment": 259, "order_number": "20251003327", "first_name": "Jesus", "last_name": "Christ", "phone": "777-777-7777", "email": "quaderone@pm.me", "address_line_1": "123456 south", "address_line_2": "", "country": "US", "state": "AZ", "city": "Glendale", "zip_code": "85302", "order_note": "", "order_total": "104.92", "tax": "1.92", "shipping_cost": "7.01", "status": "CAPTURED", "tracking_number": "2222222222", "order_status": "SHIPPED", "is_ordered": true, "ip": "", "created_at": "2025-10-03T22:19:16.199Z", "updated_at": "2025-10-03T23:03:03.042Z", "shipping_first_name": "Jesus", "shipping_last_name": "Christ", "shipping_phone": "777-777-7777", "shipping_email": "quaderone@pm.me", "shipping_address_line_1": "123456 south", "shipping_address_line_2": "", "shipping_country": "US", "shipping_state": "AZ", "shipping_city": "Glendale", "shipping_zip_code": "85302", "shipping_method": "USPS GroundAdvantage", "supplier_name": null, "po_number": null, "supplier_order_date": null, "paypal_authorization_id": "6UE712047V073650M", "paypal_order_id": "7EY5138068668345P"}}, {"model": "orders.order", "pk": 332, "fields": {"user": 25, "payment": 264, "order_number": "20251004332", "first_name": "Jesus", "last_name": "Christ", "phone": "777-777-7777", "email": "quaderone@pm.me", "address_line_1": "123456 south", "address_line_2": "", "country": "US", "state": "AZ", "city": "Glendale", "zip_code": "85302", "order_note": "", "order_total": "179.51", "tax": "3.52", "shipping_cost": "0.00", "status": "CAPTURED", "tracking_number": "65498745", "order_status": "SHIPPED", "is_ordered": true, "ip": "", "created_at": "2025-10-04T19:33:59.841Z", "updated_at": "2025-10-06T21:42:24.080Z", "shipping_first_name": "Jesus", "shipping_last_name": "Christ", "shipping_phone": "777-777-7777", "shipping_email": "quaderone@pm.me", "shipping_address_line_1": "123456 south", "shipping_address_line_2": "", "shipping_country": "US", "shipping_state": "AZ", "shipping_city": "Glendale", "shipping_zip_code": "85302", "shipping_method": "Free Shipping", "supplier_name": null, "po_number": null, "supplier_order_date": null, "paypal_authorization_id": "5TD421676T6890056", "paypal_order_id": "9E950968HU222143C"}}, {"model": "orders.orderproduct", "pk": 322, "fields": {"order": 248, "payment": 205, "user": 25, "product": 11, "quantity": 5, "product_price": 29.99, "ordered": true, "created_at": "2025-09-22T23:34:50.807Z", "updated_at": "2025-09-22T23:37:19.718Z", "variations": []}}, {"model": "orders.orderproduct", "pk": 323, "fields": {"order": 248, "payment": 205, "user": 25, "product": 10, "quantity": 8, "product_price": 145.99, "ordered": true, "created_at": "2025-09-22T23:34:50.832Z", "updated_at": "2025-09-22T23:37:19.730Z", "variations": [27]}}, {"model": "orders.orderproduct", "pk": 324, "fields": {"order": 249, "payment": 206, "user": 25, "product": 9, "quantity": 2, "product_price": 324.0, "ordered": true, "created_at": "2025-09-22T23:35:26.823Z", "updated_at": "2025-09-23T00:03:34.210Z", "variations": [18, 21]}}, {"model": "orders.orderproduct", "pk": 325, "fields": {"order": 249, "payment": 206, "user": 25, "product": 8, "quantity": 1, "product_price": 199.0, "ordered": true, "created_at": "2025-09-22T23:35:26.853Z", "updated_at": "2025-09-23T00:03:34.231Z", "variations": []}}, {"model": "orders.orderproduct", "pk": 326, "fields": {"order": 250, "payment": 207, "user": 25, "product": 6, "quantity": 2, "product_price": 999.0, "ordered": false, "created_at": "2025-09-22T23:35:53.754Z", "updated_at": "2025-09-22T23:36:00.730Z", "variations": []}}, {"model": "orders.orderproduct", "pk": 327, "fields": {"order": 251, "payment": 208, "user": 25, "product": 5, "quantity": 1, "product_price": 999.0, "ordered": false, "created_at": "2025-09-22T23:36:23.310Z", "updated_at": "2025-09-22T23:36:30.659Z", "variations": [25, 33]}}, {"model": "orders.orderproduct", "pk": 328, "fields": {"order": 252, "payment": 209, "user": 25, "product": 4, "quantity": 4, "product_price": 1099.0, "ordered": false, "created_at": "2025-09-22T23:36:44.697Z", "updated_at": "2025-09-22T23:36:51.217Z", "variations": []}}, {"model": "orders.orderproduct", "pk": 329, "fields": {"order": 253, "payment": 210, "user": 25, "product": 11, "quantity": 1, "product_price": 29.99, "ordered": true, "created_at": "2025-09-22T23:59:47.258Z", "updated_at": "2025-09-23T00:00:46.915Z", "variations": []}}, {"model": "orders.orderproduct", "pk": 330, "fields": {"order": 254, "payment": 211, "user": 25, "product": 11, "quantity": 6, "product_price": 29.99, "ordered": false, "created_at": "2025-09-23T00:25:06.743Z", "updated_at": "2025-09-23T00:25:49.851Z", "variations": []}}, {"model": "orders.orderproduct", "pk": 331, "fields": {"order": 255, "payment": 212, "user": 25, "product": 11, "quantity": 1, "product_price": 29.99, "ordered": false, "created_at": "2025-09-25T21:59:48.229Z", "updated_at": "2025-09-25T22:00:07.787Z", "variations": []}}, {"model": "orders.orderproduct", "pk": 332, "fields": {"order": 256, "payment": null, "user": 25, "product": 10, "quantity": 1, "product_price": 95.99, "ordered": false, "created_at": "2025-09-25T22:10:11.262Z", "updated_at": "2025-09-25T22:10:11.262Z", "variations": [28]}}, {"model": "orders.orderproduct", "pk": 333, "fields": {"order": 257, "payment": 214, "user": 25, "product": 10, "quantity": 1, "product_price": 95.99, "ordered": false, "created_at": "2025-09-25T22:13:40.380Z", "updated_at": "2025-09-25T22:13:59.418Z", "variations": [28]}}, {"model": "orders.orderproduct", "pk": 334, "fields": {"order": 258, "payment": 215, "user": 25, "product": 10, "quantity": 1, "product_price": 95.99, "ordered": false, "created_at": "2025-09-25T22:16:00.658Z", "updated_at": "2025-09-25T22:16:08.149Z", "variations": [28]}}, {"model": "orders.orderproduct", "pk": 335, "fields": {"order": 259, "payment": 216, "user": 25, "product": 10, "quantity": 1, "product_price": 95.99, "ordered": false, "created_at": "2025-09-25T22:26:13.229Z", "updated_at": "2025-09-25T22:26:24.593Z", "variations": [28]}}, {"model": "orders.orderproduct", "pk": 336, "fields": {"order": 260, "payment": 217, "user": 25, "product": 11, "quantity": 1, "product_price": 29.99, "ordered": false, "created_at": "2025-09-25T22:30:20.032Z", "updated_at": "2025-09-25T22:30:27.564Z", "variations": []}}, {"model": "orders.orderproduct", "pk": 337, "fields": {"order": 261, "payment": null, "user": 25, "product": 11, "quantity": 1, "product_price": 29.99, "ordered": false, "created_at": "2025-09-25T22:30:54.183Z", "updated_at": "2025-09-25T22:30:54.183Z", "variations": []}}, {"model": "orders.orderproduct", "pk": 338, "fields": {"order": 262, "payment": 219, "user": 25, "product": 11, "quantity": 1, "product_price": 29.99, "ordered": false, "created_at": "2025-09-25T22:31:05.786Z", "updated_at": "2025-09-25T22:31:12.290Z", "variations": []}}, {"model": "orders.orderproduct", "pk": 339, "fields": {"order": 263, "payment": 220, "user": 25, "product": 11, "quantity": 1, "product_price": 29.99, "ordered": false, "created_at": "2025-09-25T22:34:32.019Z", "updated_at": "2025-09-25T22:34:39.424Z", "variations": []}}, {"model": "orders.orderproduct", "pk": 340, "fields": {"order": 264, "payment": 221, "user": 25, "product": 11, "quantity": 1, "product_price": 29.99, "ordered": false, "created_at": "2025-09-25T22:59:01.924Z", "updated_at": "2025-09-25T22:59:13.662Z", "variations": []}}, {"model": "orders.orderproduct", "pk": 341, "fields": {"order": 265, "payment": 222, "user": 25, "product": 11, "quantity": 1, "product_price": 29.99, "ordered": false, "created_at": "2025-09-25T23:02:32.305Z", "updated_at": "2025-09-25T23:02:40.185Z", "variations": []}}, {"model": "orders.orderproduct", "pk": 342, "fields": {"order": 266, "payment": 223, "user": 25, "product": 11, "quantity": 1, "product_price": 29.99, "ordered": false, "created_at": "2025-09-25T23:04:29.850Z", "updated_at": "2025-09-25T23:08:26.055Z", "variations": []}}, {"model": "orders.orderproduct", "pk": 343, "fields": {"order": 267, "payment": 224, "user": 25, "product": 11, "quantity": 1, "product_price": 29.99, "ordered": true, "created_at": "2025-09-25T23:08:43.222Z", "updated_at": "2025-09-26T19:53:41.521Z", "variations": []}}, {"model": "orders.orderproduct", "pk": 344, "fields": {"order": 268, "payment": 225, "user": 25, "product": 11, "quantity": 1, "product_price": 29.99, "ordered": false, "created_at": "2025-09-25T23:12:06.183Z", "updated_at": "2025-09-26T19:18:19.323Z", "variations": []}}, {"model": "orders.orderproduct", "pk": 345, "fields": {"order": 269, "payment": 226, "user": 25, "product": 11, "quantity": 1, "product_price": 29.99, "ordered": false, "created_at": "2025-09-25T23:22:04.519Z", "updated_at": "2025-09-26T00:16:20.375Z", "variations": []}}, {"model": "orders.orderproduct", "pk": 346, "fields": {"order": 270, "payment": 227, "user": 25, "product": 10, "quantity": 1, "product_price": 145.99, "ordered": true, "created_at": "2025-09-25T23:47:46.585Z", "updated_at": "2025-09-26T18:57:51.375Z", "variations": [27]}}, {"model": "orders.orderproduct", "pk": 347, "fields": {"order": 271, "payment": 228, "user": 25, "product": 9, "quantity": 1, "product_price": 299.0, "ordered": false, "created_at": "2025-09-25T23:48:34.031Z", "updated_at": "2025-09-26T18:35:29.918Z", "variations": [19, 22]}}, {"model": "orders.orderproduct", "pk": 348, "fields": {"order": 272, "payment": 229, "user": 25, "product": 11, "quantity": 2, "product_price": 29.99, "ordered": true, "created_at": "2025-09-26T20:48:33.390Z", "updated_at": "2025-09-26T20:49:21.213Z", "variations": []}}, {"model": "orders.orderproduct", "pk": 349, "fields": {"order": 273, "payment": 230, "user": 25, "product": 10, "quantity": 2, "product_price": 145.99, "ordered": false, "created_at": "2025-09-26T20:52:51.212Z", "updated_at": "2025-09-26T20:52:59.209Z", "variations": [27]}}, {"model": "orders.orderproduct", "pk": 350, "fields": {"order": 274, "payment": 231, "user": 25, "product": 10, "quantity": 1, "product_price": 145.99, "ordered": false, "created_at": "2025-09-28T13:33:42.298Z", "updated_at": "2025-09-28T13:33:54.902Z", "variations": [27]}}, {"model": "orders.orderproduct", "pk": 351, "fields": {"order": 275, "payment": null, "user": 25, "product": 11, "quantity": 1, "product_price": 29.99, "ordered": false, "created_at": "2025-09-29T22:08:51.868Z", "updated_at": "2025-09-29T22:08:51.868Z", "variations": []}}, {"model": "orders.orderproduct", "pk": 352, "fields": {"order": 282, "payment": 233, "user": 25, "product": 10, "quantity": 1, "product_price": 95.99, "ordered": false, "created_at": "2025-09-30T19:46:43.343Z", "updated_at": "2025-09-30T19:46:58.157Z", "variations": [28]}}, {"model": "orders.orderproduct", "pk": 353, "fields": {"order": 283, "payment": 234, "user": 25, "product": 11, "quantity": 3, "product_price": 29.99, "ordered": false, "created_at": "2025-09-30T20:06:25.645Z", "updated_at": "2025-09-30T20:06:43.658Z", "variations": []}}, {"model": "orders.orderproduct", "pk": 354, "fields": {"order": 284, "payment": 235, "user": 25, "product": 11, "quantity": 1, "product_price": 29.99, "ordered": false, "created_at": "2025-09-30T20:27:14.542Z", "updated_at": "2025-09-30T20:27:28.823Z", "variations": []}}, {"model": "orders.orderproduct", "pk": 355, "fields": {"order": 285, "payment": 236, "user": 25, "product": 10, "quantity": 1, "product_price": 95.99, "ordered": true, "created_at": "2025-09-30T20:33:52.035Z", "updated_at": "2025-09-30T20:35:39.547Z", "variations": [28]}}, {"model": "orders.orderproduct", "pk": 356, "fields": {"order": 286, "payment": 237, "user": 25, "product": 11, "quantity": 3, "product_price": 29.99, "ordered": true, "created_at": "2025-09-30T20:58:35.497Z", "updated_at": "2025-09-30T20:59:57.158Z", "variations": []}}, {"model": "orders.orderproduct", "pk": 357, "fields": {"order": 287, "payment": 238, "user": 25, "product": 11, "quantity": 2, "product_price": 29.99, "ordered": false, "created_at": "2025-09-30T22:09:58.215Z", "updated_at": "2025-09-30T22:10:13.637Z", "variations": []}}, {"model": "orders.orderproduct", "pk": 358, "fields": {"order": 288, "payment": 239, "user": 25, "product": 11, "quantity": 3, "product_price": 29.99, "ordered": false, "created_at": "2025-09-30T23:33:41.192Z", "updated_at": "2025-09-30T23:34:05.327Z", "variations": []}}, {"model": "orders.orderproduct", "pk": 359, "fields": {"order": 289, "payment": null, "user": 25, "product": 10, "quantity": 1, "product_price": 95.99, "ordered": false, "created_at": "2025-09-30T23:35:16.937Z", "updated_at": "2025-09-30T23:35:16.938Z", "variations": [28]}}, {"model": "orders.orderproduct", "pk": 373, "fields": {"order": 303, "payment": 244, "user": 25, "product": 10, "quantity": 1, "product_price": 95.99, "ordered": false, "created_at": "2025-10-02T23:19:36.522Z", "updated_at": "2025-10-02T23:19:58.285Z", "variations": [28]}}, {"model": "orders.orderproduct", "pk": 377, "fields": {"order": 307, "payment": null, "user": 25, "product": 11, "quantity": 3, "product_price": 29.99, "ordered": false, "created_at": "2025-10-02T23:42:56.079Z", "updated_at": "2025-10-02T23:42:56.079Z", "variations": []}}, {"model": "orders.orderproduct", "pk": 388, "fields": {"order": 320, "payment": 252, "user": 25, "product": 10, "quantity": 1, "product_price": 95.99, "ordered": true, "created_at": "2025-10-03T20:38:46.623Z", "updated_at": "2025-10-03T20:40:09.465Z", "variations": [28]}}, {"model": "orders.orderproduct", "pk": 390, "fields": {"order": 322, "payment": 254, "user": 25, "product": 10, "quantity": 2, "product_price": 95.99, "ordered": false, "created_at": "2025-10-03T22:00:10.537Z", "updated_at": "2025-10-03T22:00:22.379Z", "variations": [28]}}, {"model": "orders.orderproduct", "pk": 391, "fields": {"order": 323, "payment": 255, "user": 25, "product": 10, "quantity": 1, "product_price": 95.99, "ordered": false, "created_at": "2025-10-03T22:03:19.297Z", "updated_at": "2025-10-03T22:03:28.961Z", "variations": [27]}}, {"model": "orders.orderproduct", "pk": 392, "fields": {"order": 324, "payment": 256, "user": 25, "product": 10, "quantity": 1, "product_price": 95.99, "ordered": false, "created_at": "2025-10-03T22:04:09.340Z", "updated_at": "2025-10-03T22:04:16.469Z", "variations": [28]}}, {"model": "orders.orderproduct", "pk": 393, "fields": {"order": 325, "payment": null, "user": 25, "product": 10, "quantity": 1, "product_price": 95.99, "ordered": false, "created_at": "2025-10-03T22:07:46.488Z", "updated_at": "2025-10-03T22:07:46.488Z", "variations": [28]}}, {"model": "orders.orderproduct", "pk": 395, "fields": {"order": 327, "payment": 259, "user": 25, "product": 10, "quantity": 1, "product_price": 95.99, "ordered": true, "created_at": "2025-10-03T22:19:16.279Z", "updated_at": "2025-10-03T23:02:47.552Z", "variations": [28]}}, {"model": "orders.orderproduct", "pk": 400, "fields": {"order": 332, "payment": 264, "user": 25, "product": 2, "quantity": 2, "product_price": 40.0, "ordered": true, "created_at": "2025-10-04T19:33:59.922Z", "updated_at": "2025-10-06T21:41:58.370Z", "variations": []}}, {"model": "orders.orderproduct", "pk": 401, "fields": {"order": 332, "payment": 264, "user": 25, "product": 10, "quantity": 1, "product_price": 95.99, "ordered": true, "created_at": "2025-10-04T19:33:59.935Z", "updated_at": "2025-10-06T21:41:58.383Z", "variations": [28]}}, {"model": "orders.sitesettings", "pk": 1, "fields": {"free_shipping_enabled": true, "free_shipping_threshold": "99.00"}}, {"model": "axes.accesslog", "pk": 1, "fields": {"user_agent": "Mozilla/5.0 (X11; Linux x86_64) AppleWebKit/537.36 (KHTML, like Gecko) Chrome/138.0.0.0 Safari/537.36", "ip_address": "127.0.0.1", "username": "jesuschrist11@gmail.com", "http_accept": "text/html,application/xhtml+xml,application/xml;q=0.9,image/avif,image/webp,image/apng,*/*;q=0.8", "path_info": "/accounts/login/", "attempt_time": "2025-08-26T18:59:45.529Z", "logout_time": "2025-08-26T18:59:56.641Z", "session_hash": "03254d0ac5b1da13a0a7540198f664db31c80a8413f5cedb4531ca7d17064332"}}, {"model": "axes.accesslog", "pk": 2, "fields": {"user_agent": "Mozilla/5.0 (X11; Linux x86_64) AppleWebKit/537.36 (KHTML, like Gecko) Chrome/138.0.0.0 Safari/537.36", "ip_address": "127.0.0.1", "username": "admin@azgrills.com", "http_accept": "text/html,application/xhtml+xml,application/xml;q=0.9,image/avif,image/webp,image/apng,*/*;q=0.8", "path_info": "/securelogin/login/", "attempt_time": "2025-08-26T19:00:13.662Z", "logout_time": "2025-08-26T19:04:24.301Z", "session_hash": "64b16dbf78ff3f0dc2a96424ca613a3f04ac7425592bc8422069d0a6648c18f1"}}, {"model": "axes.accesslog", "pk": 3, "fields": {"user_agent": "Mozilla/5.0 (X11; Linux x86_64) AppleWebKit/537.36 (KHTML, like Gecko) Chrome/138.0.0.0 Safari/537.36", "ip_address": "127.0.0.1", "username": "jesuschrist11@gmail.com", "http_accept": "text/html,application/xhtml+xml,application/xml;q=0.9,image/avif,image/webp,image/apng,*/*;q=0.8", "path_info": "/accounts/login/", "attempt_time": "2025-08-26T19:02:15.627Z", "logout_time": "2025-08-26T19:02:15.673Z", "session_hash": "e78600e54850737f69138bf4313745a9a4455fad62973daef5340622504ff906"}}, {"model": "axes.accesslog", "pk": 4, "fields": {"user_agent": "Mozilla/5.0 (X11; Linux x86_64) AppleWebKit/537.36 (KHTML, like Gecko) Chrome/138.0.0.0 Safari/537.36", "ip_address": "127.0.0.1", "username": "jesuschrist11@gmail.com", "http_accept": "text/html,application/xhtml+xml,application/xml;q=0.9,image/avif,image/webp,image/apng,*/*;q=0.8", "path_info": "/accounts/login/", "attempt_time": "2025-08-26T19:03:23.248Z", "logout_time": "2025-08-26T19:35:42.568Z", "session_hash": "052108e032590d452f15f3022f5d71ab5844d25a89c92be9a3bf79b3ffec337d"}}, {"model": "axes.accesslog", "pk": 5, "fields": {"user_agent": "Mozilla/5.0 (X11; Linux x86_64) AppleWebKit/537.36 (KHTML, like Gecko) Chrome/138.0.0.0 Safari/537.36", "ip_address": "127.0.0.1", "username": "admin@azgrills.com", "http_accept": "text/html,application/xhtml+xml,application/xml;q=0.9,image/avif,image/webp,image/apng,*/*;q=0.8", "path_info": "/securelogin/login/", "attempt_time": "2025-08-26T19:04:29.284Z", "logout_time": "2025-08-26T19:34:12.793Z", "session_hash": "79f30e53efd6b09a549b85067f01782699f6cb9f7b7247cf5f3c8580bf6b19b0"}}, {"model": "axes.accesslog", "pk": 6, "fields": {"user_agent": "Mozilla/5.0 (X11; Linux x86_64) AppleWebKit/537.36 (KHTML, like Gecko) Chrome/138.0.0.0 Safari/537.36", "ip_address": "127.0.0.1", "username": "jesuschrist11@gmail.com", "http_accept": "text/html,application/xhtml+xml,application/xml;q=0.9,image/avif,image/webp,image/apng,*/*;q=0.8", "path_info": "/accounts/login/", "attempt_time": "2025-08-26T20:00:08.436Z", "logout_time": "2025-08-26T20:01:11.411Z", "session_hash": "3de76a3fb8b07b4727434bd029bf9368a80c1d00fadb9a4a1490bbd30497e916"}}, {"model": "axes.accesslog", "pk": 7, "fields": {"user_agent": "Mozilla/5.0 (X11; Linux x86_64) AppleWebKit/537.36 (KHTML, like Gecko) Chrome/138.0.0.0 Safari/537.36", "ip_address": "127.0.0.1", "username": "fredhnt@pm.me", "http_accept": "text/html,application/xhtml+xml,application/xml;q=0.9,image/avif,image/webp,image/apng,*/*;q=0.8", "path_info": "/securelogin/login/", "attempt_time": "2025-08-26T20:00:24.712Z", "logout_time": "2025-08-26T20:01:23.635Z", "session_hash": "a90cc75cb8bf53c106a26ee9ef444b27a1d71c996b08c29058967e96a86581b3"}}, {"model": "axes.accesslog", "pk": 8, "fields": {"user_agent": "Mozilla/5.0 (X11; Linux x86_64) AppleWebKit/537.36 (KHTML, like Gecko) Chrome/138.0.0.0 Safari/537.36", "ip_address": "127.0.0.1", "username": "jesuschrist11@gmail.com", "http_accept": "text/html,application/xhtml+xml,application/xml;q=0.9,image/avif,image/webp,image/apng,*/*;q=0.8", "path_info": "/accounts/login/", "attempt_time": "2025-08-26T20:01:14.858Z", "logout_time": null, "session_hash": "16dd744efc9234269feb0d092f136f6a1c9696ea25fac3ded7a3cba24b418e06"}}, {"model": "axes.accesslog", "pk": 9, "fields": {"user_agent": "Mozilla/5.0 (X11; Linux x86_64) AppleWebKit/537.36 (KHTML, like Gecko) Chrome/138.0.0.0 Safari/537.36", "ip_address": "127.0.0.1", "username": "admin@azgrills.com", "http_accept": "text/html,application/xhtml+xml,application/xml;q=0.9,image/avif,image/webp,image/apng,*/*;q=0.8", "path_info": "/securelogin/login/", "attempt_time": "2025-08-26T20:01:28.334Z", "logout_time": null, "session_hash": "a2284eaa281182f4830836e03d60aa5efe910ed74e68b5df6339e04970921127"}}, {"model": "axes.accesslog", "pk": 10, "fields": {"user_agent": "Mozilla/5.0 (X11; Linux x86_64) AppleWebKit/537.36 (KHTML, like Gecko) Chrome/138.0.0.0 Safari/537.36", "ip_address": "127.0.0.1", "username": "jesuschrist11@gmail.com", "http_accept": "text/html,application/xhtml+xml,application/xml;q=0.9,image/avif,image/webp,image/apng,*/*;q=0.8", "path_info": "/accounts/login/", "attempt_time": "2025-08-26T21:28:38.370Z", "logout_time": null, "session_hash": "59a16d72f04574dab333c9e53d4bd070d5742b081160f3b140785e800a9ceb0f"}}, {"model": "axes.accesslog", "pk": 11, "fields": {"user_agent": "Mozilla/5.0 (X11; Linux x86_64) AppleWebKit/537.36 (KHTML, like Gecko) Chrome/138.0.0.0 Safari/537.36", "ip_address": "127.0.0.1", "username": "jesuschrist11@gmail.com", "http_accept": "text/html,application/xhtml+xml,application/xml;q=0.9,image/avif,image/webp,image/apng,*/*;q=0.8", "path_info": "/accounts/login/", "attempt_time": "2025-08-27T17:45:02.877Z", "logout_time": "2025-08-27T17:55:33.908Z", "session_hash": "14cf96581dc8a7166bd74ce91267bd3c4ec5daf91066ec74c1324b25bc155b54"}}, {"model": "axes.accesslog", "pk": 12, "fields": {"user_agent": "Mozilla/5.0 (X11; Linux x86_64) AppleWebKit/537.36 (KHTML, like Gecko) Chrome/138.0.0.0 Safari/537.36", "ip_address": "127.0.0.1", "username": "quaderone@pm.me", "http_accept": "text/html,application/xhtml+xml,application/xml;q=0.9,image/avif,image/webp,image/apng,*/*;q=0.8", "path_info": "/accounts/login/", "attempt_time": "2025-08-27T17:55:39.069Z", "logout_time": "2025-08-27T17:58:47.240Z", "session_hash": "e551bb23c417cb945723cb780e9e61baf7b29c9edf95ebdf9d00b5d00fd853a2"}}, {"model": "axes.accesslog", "pk": 13, "fields": {"user_agent": "Mozilla/5.0 (X11; Linux x86_64) AppleWebKit/537.36 (KHTML, like Gecko) Chrome/138.0.0.0 Safari/537.36", "ip_address": "127.0.0.1", "username": "quaderone@pm.me", "http_accept": "text/html,application/xhtml+xml,application/xml;q=0.9,image/avif,image/webp,image/apng,*/*;q=0.8", "path_info": "/accounts/login/", "attempt_time": "2025-08-27T18:19:46.065Z", "logout_time": null, "session_hash": "534b11b097bea742279b89ec765d1080ba35d68134258cb807b762df44e0cd78"}}, {"model": "axes.accesslog", "pk": 14, "fields": {"user_agent": "Mozilla/5.0 (X11; Linux x86_64) AppleWebKit/537.36 (KHTML, like Gecko) Chrome/138.0.0.0 Safari/537.36", "ip_address": "127.0.0.1", "username": "admin@azgrills.com", "http_accept": "text/html,application/xhtml+xml,application/xml;q=0.9,image/avif,image/webp,image/apng,*/*;q=0.8", "path_info": "/securelogin/login/", "attempt_time": "2025-08-27T18:26:29.789Z", "logout_time": null, "session_hash": "7666534a891470ee37f9fbba9d352959839fe24199cfc9a27dbd9affc3f4be5f"}}, {"model": "axes.accesslog", "pk": 15, "fields": {"user_agent": "Mozilla/5.0 (X11; Linux x86_64) AppleWebKit/537.36 (KHTML, like Gecko) Chrome/138.0.0.0 Safari/537.36", "ip_address": "127.0.0.1", "username": "admin@azgrills.com", "http_accept": "text/html,application/xhtml+xml,application/xml;q=0.9,image/avif,image/webp,image/apng,*/*;q=0.8", "path_info": "/securelogin/login/", "attempt_time": "2025-08-27T22:14:00.674Z", "logout_time": null, "session_hash": "b6d08b53dd127d1dd022075cb1a6975e1bb919d11163b53ad9185771f7d60730"}}, {"model": "axes.accesslog", "pk": 16, "fields": {"user_agent": "Mozilla/5.0 (X11; Linux x86_64) AppleWebKit/537.36 (KHTML, like Gecko) Chrome/138.0.0.0 Safari/537.36", "ip_address": "127.0.0.1", "username": "admin@azgrills.com", "http_accept": "text/html,application/xhtml+xml,application/xml;q=0.9,image/avif,image/webp,image/apng,*/*;q=0.8", "path_info": "/securelogin/login/", "attempt_time": "2025-08-28T17:03:50.019Z", "logout_time": null, "session_hash": "4288762b3ec82ee93fcdf9bb7a86a3e1f86303bb58922737e09f00e709201a72"}}, {"model": "axes.accesslog", "pk": 17, "fields": {"user_agent": "Mozilla/5.0 (X11; Linux x86_64) AppleWebKit/537.36 (KHTML, like Gecko) Chrome/138.0.0.0 Safari/537.36", "ip_address": "127.0.0.1", "username": "admin@azgrills.com", "http_accept": "text/html,application/xhtml+xml,application/xml;q=0.9,image/avif,image/webp,image/apng,*/*;q=0.8", "path_info": "/securelogin/login/", "attempt_time": "2025-08-28T20:18:03.092Z", "logout_time": null, "session_hash": "3dfbde92e7ff49a548869845e869521ff293464ba1fa0426415f0c1cf3750399"}}, {"model": "axes.accesslog", "pk": 18, "fields": {"user_agent": "Mozilla/5.0 (X11; Linux x86_64) AppleWebKit/537.36 (KHTML, like Gecko) Chrome/138.0.0.0 Safari/537.36", "ip_address": "127.0.0.1", "username": "jesuschrist11@gmail.com", "http_accept": "text/html,application/xhtml+xml,application/xml;q=0.9,image/avif,image/webp,image/apng,*/*;q=0.8", "path_info": "/accounts/login/", "attempt_time": "2025-08-28T22:05:16.143Z", "logout_time": null, "session_hash": "33454b4abb6bbf080dfdc31cd5dd0f02de1f861407a7cf4783efe7fc455dd998"}}, {"model": "axes.accesslog", "pk": 19, "fields": {"user_agent": "Mozilla/5.0 (X11; Linux x86_64) AppleWebKit/537.36 (KHTML, like Gecko) Chrome/138.0.0.0 Safari/537.36", "ip_address": "127.0.0.1", "username": "admin@azgrills.com", "http_accept": "text/html,application/xhtml+xml,application/xml;q=0.9,image/avif,image/webp,image/apng,*/*;q=0.8", "path_info": "/securelogin/login/", "attempt_time": "2025-08-28T22:22:20.664Z", "logout_time": null, "session_hash": "805de9312725fa26b486cd393b27802da6f5fcc5f39df2e60fa58b7510af86fc"}}, {"model": "axes.accesslog", "pk": 20, "fields": {"user_agent": "Mozilla/5.0 (X11; Linux x86_64) AppleWebKit/537.36 (KHTML, like Gecko) Chrome/138.0.0.0 Safari/537.36", "ip_address": "127.0.0.1", "username": "admin@azgrills.com", "http_accept": "text/html,application/xhtml+xml,application/xml;q=0.9,image/avif,image/webp,image/apng,*/*;q=0.8", "path_info": "/securelogin/login/", "attempt_time": "2025-08-29T18:04:03.113Z", "logout_time": null, "session_hash": "8fc53b0250db08f46daffcab38807bb0ca0fa16d73fc191ad22207210fb5687b"}}, {"model": "axes.accesslog", "pk": 21, "fields": {"user_agent": "Mozilla/5.0 (X11; Linux x86_64) AppleWebKit/537.36 (KHTML, like Gecko) Chrome/138.0.0.0 Safari/537.36", "ip_address": "127.0.0.1", "username": "jesuschrist11@gmail.com", "http_accept": "text/html,application/xhtml+xml,application/xml;q=0.9,image/avif,image/webp,image/apng,*/*;q=0.8", "path_info": "/accounts/login/", "attempt_time": "2025-08-29T18:12:34.881Z", "logout_time": null, "session_hash": "cb640bed8f6bdb274cc77083a68292420b1508aaf72749d8fcc03506a6bd9fff"}}, {"model": "axes.accesslog", "pk": 22, "fields": {"user_agent": "Mozilla/5.0 (X11; Linux x86_64) AppleWebKit/537.36 (KHTML, like Gecko) Chrome/138.0.0.0 Safari/537.36", "ip_address": "127.0.0.1", "username": "admin@azgrills.com", "http_accept": "text/html,application/xhtml+xml,application/xml;q=0.9,image/avif,image/webp,image/apng,*/*;q=0.8", "path_info": "/securelogin/login/", "attempt_time": "2025-08-29T21:10:21.937Z", "logout_time": null, "session_hash": "bec82e8ed40f039e2ce646a2966c38a24c1a2bdee92ffd84697201efd18a619d"}}, {"model": "axes.accesslog", "pk": 23, "fields": {"user_agent": "Mozilla/5.0 (X11; Linux x86_64) AppleWebKit/537.36 (KHTML, like Gecko) Chrome/138.0.0.0 Safari/537.36", "ip_address": "127.0.0.1", "username": "jesuschrist11@gmail.com", "http_accept": "text/html,application/xhtml+xml,application/xml;q=0.9,image/avif,image/webp,image/apng,*/*;q=0.8", "path_info": "/accounts/login/", "attempt_time": "2025-08-30T14:14:54.553Z", "logout_time": null, "session_hash": "b8e2624746620042ad513a8a635d6a8a63243cb7e99824142bc2e889c3c3e99e"}}, {"model": "axes.accesslog", "pk": 24, "fields": {"user_agent": "Mozilla/5.0 (X11; Linux x86_64) AppleWebKit/537.36 (KHTML, like Gecko) Chrome/138.0.0.0 Safari/537.36", "ip_address": "127.0.0.1", "username": "admin@azgrills.com", "http_accept": "text/html,application/xhtml+xml,application/xml;q=0.9,image/avif,image/webp,image/apng,*/*;q=0.8", "path_info": "/securelogin/login/", "attempt_time": "2025-08-30T14:17:07.234Z", "logout_time": null, "session_hash": "21b71fc98ece43d5900454a5d9b7479653de2d1e9d6592cdd619386e266451ba"}}, {"model": "axes.accesslog", "pk": 25, "fields": {"user_agent": "Mozilla/5.0 (X11; Linux x86_64) AppleWebKit/537.36 (KHTML, like Gecko) Chrome/138.0.0.0 Safari/537.36", "ip_address": "127.0.0.1", "username": "admin@azgrills.com", "http_accept": "text/html,application/xhtml+xml,application/xml;q=0.9,image/avif,image/webp,image/apng,*/*;q=0.8", "path_info": "/securelogin/login/", "attempt_time": "2025-08-30T15:51:27.269Z", "logout_time": "2025-08-30T18:07:21.073Z", "session_hash": "1f04b84e66df6758b0b3c48f18b38e87498f80031de253cc61b995b01a151d93"}}, {"model": "axes.accesslog", "pk": 26, "fields": {"user_agent": "Mozilla/5.0 (X11; Linux x86_64) AppleWebKit/537.36 (KHTML, like Gecko) Chrome/138.0.0.0 Safari/537.36", "ip_address": "127.0.0.1", "username": "jesuschrist11@gmail.com", "http_accept": "text/html,application/xhtml+xml,application/xml;q=0.9,image/avif,image/webp,image/apng,*/*;q=0.8", "path_info": "/accounts/login/", "attempt_time": "2025-08-30T16:18:23.176Z", "logout_time": null, "session_hash": "d42fe0584e5a6b0ce3e78a59f1e9da5fcb05e973fecf8961babac48a10d9cbf9"}}, {"model": "axes.accesslog", "pk": 27, "fields": {"user_agent": "Mozilla/5.0 (X11; Linux x86_64) AppleWebKit/537.36 (KHTML, like Gecko) Chrome/138.0.0.0 Safari/537.36", "ip_address": "127.0.0.1", "username": "admin@azgrills.com", "http_accept": "text/html,application/xhtml+xml,application/xml;q=0.9,image/avif,image/webp,image/apng,*/*;q=0.8", "path_info": "/securelogin/login/", "attempt_time": "2025-08-30T18:07:25.841Z", "logout_time": "2025-08-30T18:07:32.901Z", "session_hash": "aa6043aba3f456f9d9a41734e420e01e2944c183284f9fbc1ae4a451fffde9d7"}}, {"model": "axes.accesslog", "pk": 28, "fields": {"user_agent": "Mozilla/5.0 (X11; Linux x86_64) AppleWebKit/537.36 (KHTML, like Gecko) Chrome/138.0.0.0 Safari/537.36", "ip_address": "127.0.0.1", "username": "admin@azgrills.com", "http_accept": "text/html,application/xhtml+xml,application/xml;q=0.9,image/avif,image/webp,image/apng,*/*;q=0.8", "path_info": "/securelogin/login/", "attempt_time": "2025-08-30T18:07:39.548Z", "logout_time": null, "session_hash": "72c22272766356104d2c5185b13cb0720ebfb608fac89817aa4c8cc456346c16"}}, {"model": "axes.accesslog", "pk": 29, "fields": {"user_agent": "Mozilla/5.0 (X11; Linux x86_64) AppleWebKit/537.36 (KHTML, like Gecko) Chrome/138.0.0.0 Safari/537.36", "ip_address": "127.0.0.1", "username": "admin@azgrills.com", "http_accept": "text/html,application/xhtml+xml,application/xml;q=0.9,image/avif,image/webp,image/apng,*/*;q=0.8", "path_info": "/securelogin/login/", "attempt_time": "2025-09-01T19:24:00.321Z", "logout_time": null, "session_hash": "c9780cf67c00136d4d470ab6dce17d6196e9670c4fefcf7bfc928f84043c3a36"}}, {"model": "axes.accesslog", "pk": 30, "fields": {"user_agent": "Mozilla/5.0 (X11; Linux x86_64) AppleWebKit/537.36 (KHTML, like Gecko) Chrome/138.0.0.0 Safari/537.36", "ip_address": "127.0.0.1", "username": "admin@azgrills.com", "http_accept": "text/html,application/xhtml+xml,application/xml;q=0.9,image/avif,image/webp,image/apng,*/*;q=0.8", "path_info": "/securelogin/login/", "attempt_time": "2025-09-01T20:55:15.634Z", "logout_time": "2025-09-01T21:13:44.230Z", "session_hash": "54ace1bd5bdd923a2b7dfc747cb1520a5041b9b7ddb9d5e177b3abedf117c5c3"}}, {"model": "axes.accesslog", "pk": 31, "fields": {"user_agent": "Mozilla/5.0 (X11; Linux x86_64) AppleWebKit/537.36 (KHTML, like Gecko) Chrome/138.0.0.0 Safari/537.36", "ip_address": "127.0.0.1", "username": "admin@azgrills.com", "http_accept": "text/html,application/xhtml+xml,application/xml;q=0.9,image/avif,image/webp,image/apng,*/*;q=0.8", "path_info": "/securelogin/login/", "attempt_time": "2025-09-01T21:13:57.708Z", "logout_time": null, "session_hash": "c2269645d25c16f3afc6be785f7acc28bfccbc33a03a86c6fc0acf1c79047ee5"}}, {"model": "axes.accesslog", "pk": 32, "fields": {"user_agent": "Mozilla/5.0 (X11; Linux x86_64) AppleWebKit/537.36 (KHTML, like Gecko) Chrome/138.0.0.0 Safari/537.36", "ip_address": "127.0.0.1", "username": "jesuschrist11@gmail.com", "http_accept": "text/html,application/xhtml+xml,application/xml;q=0.9,image/avif,image/webp,image/apng,*/*;q=0.8", "path_info": "/accounts/login/", "attempt_time": "2025-09-02T00:34:58.617Z", "logout_time": null, "session_hash": "872012f146bbbf59731dfd14e775a5ba6a7719d6e6d8339f25541d8094007a4d"}}, {"model": "axes.accesslog", "pk": 33, "fields": {"user_agent": "Mozilla/5.0 (X11; Linux x86_64) AppleWebKit/537.36 (KHTML, like Gecko) Chrome/138.0.0.0 Safari/537.36", "ip_address": "127.0.0.1", "username": "admin@azgrills.com", "http_accept": "text/html,application/xhtml+xml,application/xml;q=0.9,image/avif,image/webp,image/apng,*/*;q=0.8", "path_info": "/securelogin/login/", "attempt_time": "2025-09-02T00:35:44.235Z", "logout_time": "2025-09-02T00:51:13.940Z", "session_hash": "f8accbf20564a44d5379eaa1090be868377364f848bc15b91122881e62c5bf56"}}, {"model": "axes.accesslog", "pk": 34, "fields": {"user_agent": "Mozilla/5.0 (X11; Linux x86_64) AppleWebKit/537.36 (KHTML, like Gecko) Chrome/138.0.0.0 Safari/537.36", "ip_address": "127.0.0.1", "username": "admin@azgrills.com", "http_accept": "text/html,application/xhtml+xml,application/xml;q=0.9,image/avif,image/webp,image/apng,*/*;q=0.8", "path_info": "/securelogin/login/", "attempt_time": "2025-09-02T00:51:19.636Z", "logout_time": "2025-09-02T00:51:26.667Z", "session_hash": "28d95103bad51c5f03a7b64cf39893b05cbb018ecc451ebff5d558ce37e43199"}}, {"model": "axes.accesslog", "pk": 35, "fields": {"user_agent": "Mozilla/5.0 (X11; Linux x86_64) AppleWebKit/537.36 (KHTML, like Gecko) Chrome/138.0.0.0 Safari/537.36", "ip_address": "127.0.0.1", "username": "fredhnt@pm.me", "http_accept": "text/html,application/xhtml+xml,application/xml;q=0.9,image/avif,image/webp,image/apng,*/*;q=0.8", "path_info": "/securelogin/login/", "attempt_time": "2025-09-02T00:51:36.286Z", "logout_time": null, "session_hash": "1d0e41293e87ae7fc33543c0d80d99acc4bdbe6d0576179db233851e82cd4604"}}, {"model": "axes.accesslog", "pk": 36, "fields": {"user_agent": "Mozilla/5.0 (X11; Linux x86_64) AppleWebKit/537.36 (KHTML, like Gecko) Chrome/138.0.0.0 Safari/537.36", "ip_address": "127.0.0.1", "username": "jesuschrist11@gmail.com", "http_accept": "text/html,application/xhtml+xml,application/xml;q=0.9,image/avif,image/webp,image/apng,*/*;q=0.8", "path_info": "/accounts/login/", "attempt_time": "2025-09-02T01:45:22.856Z", "logout_time": null, "session_hash": "06913f411e884383629e01dca94c356a44aa391184fcba699af0cbd5fcc7c4d6"}}, {"model": "axes.accesslog", "pk": 37, "fields": {"user_agent": "Mozilla/5.0 (X11; Linux x86_64) AppleWebKit/537.36 (KHTML, like Gecko) Chrome/138.0.0.0 Safari/537.36", "ip_address": "127.0.0.1", "username": "jesuschrist11@gmail.com", "http_accept": "text/html,application/xhtml+xml,application/xml;q=0.9,image/avif,image/webp,image/apng,*/*;q=0.8", "path_info": "/accounts/login/", "attempt_time": "2025-09-02T16:31:24.883Z", "logout_time": "2025-09-02T16:36:00.447Z", "session_hash": "1eabc35e0086fa8d3b3efe7797b0c3638140119fd51baf01e0bdcb33ea3c936c"}}, {"model": "axes.accesslog", "pk": 38, "fields": {"user_agent": "Mozilla/5.0 (X11; Linux x86_64) AppleWebKit/537.36 (KHTML, like Gecko) Chrome/138.0.0.0 Safari/537.36", "ip_address": "127.0.0.1", "username": "jesuschrist11@gmail.com", "http_accept": "text/html,application/xhtml+xml,application/xml;q=0.9,image/avif,image/webp,image/apng,*/*;q=0.8", "path_info": "/accounts/login/", "attempt_time": "2025-09-02T18:30:52.271Z", "logout_time": null, "session_hash": "9ae3b48578faa6a3f1c50fc0f43f9d0d5d670ebaa864c0e70afbc7694d0a5730"}}, {"model": "axes.accesslog", "pk": 39, "fields": {"user_agent": "Mozilla/5.0 (X11; Linux x86_64) AppleWebKit/537.36 (KHTML, like Gecko) Chrome/138.0.0.0 Safari/537.36", "ip_address": "127.0.0.1", "username": "admin@azgrills.com", "http_accept": "text/html,application/xhtml+xml,application/xml;q=0.9,image/avif,image/webp,image/apng,*/*;q=0.8", "path_info": "/securelogin/login/", "attempt_time": "2025-09-02T22:49:36.828Z", "logout_time": null, "session_hash": "8116625e1718a3af2b4a27efa16b471cbd1ae0dedf699b3a76b321556be72252"}}, {"model": "axes.accesslog", "pk": 40, "fields": {"user_agent": "Mozilla/5.0 (X11; Linux x86_64) AppleWebKit/537.36 (KHTML, like Gecko) Chrome/138.0.0.0 Safari/537.36", "ip_address": "127.0.0.1", "username": "jesuschrist11@gmail.com", "http_accept": "text/html,application/xhtml+xml,application/xml;q=0.9,image/avif,image/webp,image/apng,*/*;q=0.8", "path_info": "/accounts/login/", "attempt_time": "2025-09-03T00:06:49.270Z", "logout_time": null, "session_hash": "75f84d74ecf50ec4e94382e7829ad09d6dd35f25e7fbebc94c2838f53605f1ac"}}, {"model": "axes.accesslog", "pk": 41, "fields": {"user_agent": "Mozilla/5.0 (X11; Linux x86_64) AppleWebKit/537.36 (KHTML, like Gecko) Chrome/138.0.0.0 Safari/537.36", "ip_address": "127.0.0.1", "username": "jesuschrist11@gmail.com", "http_accept": "text/html,application/xhtml+xml,application/xml;q=0.9,image/avif,image/webp,image/apng,*/*;q=0.8", "path_info": "/accounts/login/", "attempt_time": "2025-09-03T13:24:34.108Z", "logout_time": null, "session_hash": "333e9bd1ada2a199fa4014d92e349053e916e1a092cac80abff72ea8adf52c1d"}}, {"model": "axes.accesslog", "pk": 42, "fields": {"user_agent": "Mozilla/5.0 (X11; Linux x86_64) AppleWebKit/537.36 (KHTML, like Gecko) Chrome/138.0.0.0 Safari/537.36", "ip_address": "127.0.0.1", "username": "admin@azgrills.com", "http_accept": "text/html,application/xhtml+xml,application/xml;q=0.9,image/avif,image/webp,image/apng,*/*;q=0.8", "path_info": "/securelogin/login/", "attempt_time": "2025-09-03T13:26:30.396Z", "logout_time": null, "session_hash": "1883eb0b03c90c087ef7ecaa030dada18cb4b49a88e7551fda4210c8c327270d"}}, {"model": "axes.accesslog", "pk": 43, "fields": {"user_agent": "Mozilla/5.0 (X11; Linux x86_64) AppleWebKit/537.36 (KHTML, like Gecko) Chrome/138.0.0.0 Safari/537.36", "ip_address": "127.0.0.1", "username": "admin@azgrills.com", "http_accept": "text/html,application/xhtml+xml,application/xml;q=0.9,image/avif,image/webp,image/apng,*/*;q=0.8", "path_info": "/securelogin/login/", "attempt_time": "2025-09-03T17:02:21.401Z", "logout_time": "2025-09-03T17:02:30.612Z", "session_hash": "aacede8b0499b874b0786cc5c02b504373f45f46b826df3cb8eb93d7e765325b"}}, {"model": "axes.accesslog", "pk": 44, "fields": {"user_agent": "Mozilla/5.0 (X11; Linux x86_64) AppleWebKit/537.36 (KHTML, like Gecko) Chrome/138.0.0.0 Safari/537.36", "ip_address": "127.0.0.1", "username": "admin@azgrills.com", "http_accept": "text/html,application/xhtml+xml,application/xml;q=0.9,image/avif,image/webp,image/apng,*/*;q=0.8", "path_info": "/securelogin/login/", "attempt_time": "2025-09-03T17:02:44.783Z", "logout_time": "2025-09-03T17:05:07.467Z", "session_hash": "4b18c9db85e5fc0cdad0ede4bd825e01d190b77abedc442e5c3141a62ac0d363"}}, {"model": "axes.accesslog", "pk": 45, "fields": {"user_agent": "Mozilla/5.0 (X11; Linux x86_64) AppleWebKit/537.36 (KHTML, like Gecko) Chrome/138.0.0.0 Safari/537.36", "ip_address": "127.0.0.1", "username": "admin@azgrills.com", "http_accept": "text/html,application/xhtml+xml,application/xml;q=0.9,image/avif,image/webp,image/apng,*/*;q=0.8", "path_info": "/securelogin/login/", "attempt_time": "2025-09-03T17:07:37.953Z", "logout_time": null, "session_hash": "ff68e70e917c31ee3b785c8912ab20ed6effefba5ce4e6faa7cca67b5fec026c"}}, {"model": "axes.accesslog", "pk": 46, "fields": {"user_agent": "Mozilla/5.0 (X11; Linux x86_64) AppleWebKit/537.36 (KHTML, like Gecko) Chrome/138.0.0.0 Safari/537.36", "ip_address": "127.0.0.1", "username": "admin@azgrills.com", "http_accept": "text/html,application/xhtml+xml,application/xml;q=0.9,image/avif,image/webp,image/apng,*/*;q=0.8", "path_info": "/securelogin/login/", "attempt_time": "2025-09-03T18:48:38.973Z", "logout_time": "2025-09-03T18:55:32.690Z", "session_hash": "25d7ae958fa6c1d8b168e295035d53d3a1f7fe4b5a44913ac6f7643a4cdf545c"}}, {"model": "axes.accesslog", "pk": 47, "fields": {"user_agent": "Mozilla/5.0 (X11; Linux x86_64) AppleWebKit/537.36 (KHTML, like Gecko) Chrome/138.0.0.0 Safari/537.36", "ip_address": "127.0.0.1", "username": "admin@azgrills.com", "http_accept": "text/html,application/xhtml+xml,application/xml;q=0.9,image/avif,image/webp,image/apng,*/*;q=0.8", "path_info": "/accounts/login/", "attempt_time": "2025-09-03T18:57:51.910Z", "logout_time": null, "session_hash": "9147e4641a9a9ec3d1918b0fbfa72c51900dddcf3e7612c575abcbf6b4f00f2c"}}, {"model": "axes.accesslog", "pk": 48, "fields": {"user_agent": "Mozilla/5.0 (X11; Linux x86_64) AppleWebKit/537.36 (KHTML, like Gecko) Chrome/138.0.0.0 Safari/537.36", "ip_address": "127.0.0.1", "username": "jesuschrist11@gmail.com", "http_accept": "text/html,application/xhtml+xml,application/xml;q=0.9,image/avif,image/webp,image/apng,*/*;q=0.8", "path_info": "/accounts/login/", "attempt_time": "2025-09-03T21:01:28.697Z", "logout_time": null, "session_hash": "459c4295b11dff7f2ecef5f730f14d23f9905dfc3b54896b6a2d73677b8e4f58"}}, {"model": "axes.accesslog", "pk": 49, "fields": {"user_agent": "Mozilla/5.0 (X11; Linux x86_64) AppleWebKit/537.36 (KHTML, like Gecko) Chrome/138.0.0.0 Safari/537.36", "ip_address": "127.0.0.1", "username": "admin@azgrills.com", "http_accept": "text/html,application/xhtml+xml,application/xml;q=0.9,image/avif,image/webp,image/apng,*/*;q=0.8", "path_info": "/securelogin/login/", "attempt_time": "2025-09-03T22:11:13.778Z", "logout_time": "2025-09-03T22:11:25.221Z", "session_hash": "6415be628c2718c8225e76e9bbf770c7046a24368d40f63d869911e343c9cffb"}}, {"model": "axes.accesslog", "pk": 50, "fields": {"user_agent": "Mozilla/5.0 (X11; Linux x86_64) AppleWebKit/537.36 (KHTML, like Gecko) Chrome/138.0.0.0 Safari/537.36", "ip_address": "127.0.0.1", "username": "jesuschrist11@gmail.com", "http_accept": "text/html,application/xhtml+xml,application/xml;q=0.9,image/avif,image/webp,image/apng,*/*;q=0.8", "path_info": "/accounts/login/", "attempt_time": "2025-09-03T22:22:45.328Z", "logout_time": "2025-09-03T23:19:53.589Z", "session_hash": "90b8ab4b3c252896da1c7f6173b69e2a8d4a35b45c55d9df36eae86d59789117"}}, {"model": "axes.accesslog", "pk": 51, "fields": {"user_agent": "Mozilla/5.0 (X11; Linux x86_64) AppleWebKit/537.36 (KHTML, like Gecko) Chrome/138.0.0.0 Safari/537.36", "ip_address": "127.0.0.1", "username": "jesuschrist11@gmail.com", "http_accept": "text/html,application/xhtml+xml,application/xml;q=0.9,image/avif,image/webp,image/apng,*/*;q=0.8", "path_info": "/accounts/login/", "attempt_time": "2025-09-03T23:19:58.730Z", "logout_time": null, "session_hash": "143f92398d6ed308cb5d2f58327b302c563b03171dca9f56e2b8033f7b0a415e"}}, {"model": "axes.accesslog", "pk": 52, "fields": {"user_agent": "Mozilla/5.0 (X11; Linux x86_64) AppleWebKit/537.36 (KHTML, like Gecko) Chrome/138.0.0.0 Safari/537.36", "ip_address": "127.0.0.1", "username": "jesuschrist11@gmail.com", "http_accept": "text/html,application/xhtml+xml,application/xml;q=0.9,image/avif,image/webp,image/apng,*/*;q=0.8", "path_info": "/accounts/login/", "attempt_time": "2025-09-04T16:44:45.752Z", "logout_time": null, "session_hash": "17ae278551f5af1e62399f7fc9045a3f5a563d47ef158bf22278ae0ee4a069af"}}, {"model": "axes.accesslog", "pk": 53, "fields": {"user_agent": "Mozilla/5.0 (X11; Linux x86_64) AppleWebKit/537.36 (KHTML, like Gecko) Chrome/138.0.0.0 Safari/537.36", "ip_address": "127.0.0.1", "username": "jesuschrist11@gmail.com", "http_accept": "text/html,application/xhtml+xml,application/xml;q=0.9,image/avif,image/webp,image/apng,*/*;q=0.8", "path_info": "/accounts/login/", "attempt_time": "2025-09-04T18:46:41.503Z", "logout_time": null, "session_hash": "52ce1179b2991fbb25577701bb4b0f81237ceaa855d143b6d6a495998077c7df"}}, {"model": "axes.accesslog", "pk": 54, "fields": {"user_agent": "Mozilla/5.0 (X11; Linux x86_64) AppleWebKit/537.36 (KHTML, like Gecko) Chrome/138.0.0.0 Safari/537.36", "ip_address": "127.0.0.1", "username": "jesuschrist11@gmail.com", "http_accept": "text/html,application/xhtml+xml,application/xml;q=0.9,image/avif,image/webp,image/apng,*/*;q=0.8", "path_info": "/accounts/login/", "attempt_time": "2025-09-04T22:32:35.656Z", "logout_time": null, "session_hash": "81debd74d43aac08d17e203ac8a22b737bec2e93a19eb22635de1b15a18a3615"}}, {"model": "axes.accesslog", "pk": 55, "fields": {"user_agent": "Mozilla/5.0 (X11; Linux x86_64) AppleWebKit/537.36 (KHTML, like Gecko) Chrome/138.0.0.0 Safari/537.36", "ip_address": "127.0.0.1", "username": "jesuschrist11@gmail.com", "http_accept": "text/html,application/xhtml+xml,application/xml;q=0.9,image/avif,image/webp,image/apng,*/*;q=0.8", "path_info": "/accounts/login/", "attempt_time": "2025-09-05T16:09:47.722Z", "logout_time": "2025-09-05T16:10:22.957Z", "session_hash": "221a35472e3d836e9648ad8b66ca43fdbdd134524f4c8d79803679e0a5619fc0"}}, {"model": "axes.accesslog", "pk": 56, "fields": {"user_agent": "Mozilla/5.0 (X11; Linux x86_64) AppleWebKit/537.36 (KHTML, like Gecko) Chrome/138.0.0.0 Safari/537.36", "ip_address": "127.0.0.1", "username": "jesuschrist11@gmail.com", "http_accept": "text/html,application/xhtml+xml,application/xml;q=0.9,image/avif,image/webp,image/apng,*/*;q=0.8", "path_info": "/accounts/login/", "attempt_time": "2025-09-05T16:14:48.213Z", "logout_time": "2025-09-05T16:38:22.475Z", "session_hash": "e52f8fddcc3709cda674a2c6577754e574e78db38f68df222344fef28b4e7741"}}, {"model": "axes.accesslog", "pk": 57, "fields": {"user_agent": "Mozilla/5.0 (X11; Linux x86_64) AppleWebKit/537.36 (KHTML, like Gecko) Chrome/138.0.0.0 Safari/537.36", "ip_address": "127.0.0.1", "username": "jesuschrist11@gmail.com", "http_accept": "text/html,application/xhtml+xml,application/xml;q=0.9,image/avif,image/webp,image/apng,*/*;q=0.8", "path_info": "/accounts/login/", "attempt_time": "2025-09-05T17:02:36.647Z", "logout_time": "2025-09-05T17:12:41.255Z", "session_hash": "5a2068a0a53434bc863ee92ef0abe11da03c59dca7735d0d8b46b2f1ad2d1796"}}, {"model": "axes.accesslog", "pk": 58, "fields": {"user_agent": "Mozilla/5.0 (X11; Linux x86_64) AppleWebKit/537.36 (KHTML, like Gecko) Chrome/138.0.0.0 Safari/537.36", "ip_address": "127.0.0.1", "username": "jesuschrist11@gmail.com", "http_accept": "text/html,application/xhtml+xml,application/xml;q=0.9,image/avif,image/webp,image/apng,*/*;q=0.8", "path_info": "/accounts/login/", "attempt_time": "2025-09-05T17:12:55.084Z", "logout_time": "2025-09-05T17:18:26.492Z", "session_hash": "a76b0dc554e0ed6474f77fcdd5e3cc71404e320def2e1663af582ed985084656"}}, {"model": "axes.accesslog", "pk": 59, "fields": {"user_agent": "Mozilla/5.0 (X11; Linux x86_64) AppleWebKit/537.36 (KHTML, like Gecko) Chrome/138.0.0.0 Safari/537.36", "ip_address": "127.0.0.1", "username": "jesuschrist11@gmail.com", "http_accept": "text/html,application/xhtml+xml,application/xml;q=0.9,image/avif,image/webp,image/apng,*/*;q=0.8", "path_info": "/accounts/login/", "attempt_time": "2025-09-05T17:18:50.724Z", "logout_time": "2025-09-05T17:22:59.767Z", "session_hash": "812a9b3ab12587acf9cc35f30aec51b3dca4f67f1e43e5ca6fb8bc13e16730cf"}}, {"model": "axes.accesslog", "pk": 60, "fields": {"user_agent": "Mozilla/5.0 (X11; Linux x86_64) AppleWebKit/537.36 (KHTML, like Gecko) Chrome/138.0.0.0 Safari/537.36", "ip_address": "127.0.0.1", "username": "jesuschrist11@gmail.com", "http_accept": "text/html,application/xhtml+xml,application/xml;q=0.9,image/avif,image/webp,image/apng,*/*;q=0.8", "path_info": "/accounts/login/", "attempt_time": "2025-09-05T17:23:06.175Z", "logout_time": "2025-09-05T17:23:15.557Z", "session_hash": "1c078579ebc2153c4b21fdb5d1ae2581144b7cca1ba2145babe76445e5e4bc31"}}, {"model": "axes.accesslog", "pk": 61, "fields": {"user_agent": "Mozilla/5.0 (X11; Linux x86_64) AppleWebKit/537.36 (KHTML, like Gecko) Chrome/138.0.0.0 Safari/537.36", "ip_address": "127.0.0.1", "username": "jesuschrist11@gmail.com", "http_accept": "text/html,application/xhtml+xml,application/xml;q=0.9,image/avif,image/webp,image/apng,*/*;q=0.8", "path_info": "/accounts/login/", "attempt_time": "2025-09-05T17:23:37.204Z", "logout_time": "2025-09-05T17:35:48.850Z", "session_hash": "757ea51d4ab3dba5cf339b9b35575230f4fb806bb47275b94e579dcf4f33367f"}}, {"model": "axes.accesslog", "pk": 62, "fields": {"user_agent": "Mozilla/5.0 (X11; Linux x86_64) AppleWebKit/537.36 (KHTML, like Gecko) Chrome/138.0.0.0 Safari/537.36", "ip_address": "127.0.0.1", "username": "jesuschrist11@gmail.com", "http_accept": "text/html,application/xhtml+xml,application/xml;q=0.9,image/avif,image/webp,image/apng,*/*;q=0.8", "path_info": "/accounts/login/", "attempt_time": "2025-09-05T17:35:59.132Z", "logout_time": "2025-09-05T17:36:24.747Z", "session_hash": "1741cae70babe4c5d5ea3de9933c5bf0f4cae6a492398d9b879ba55d13ced139"}}, {"model": "axes.accesslog", "pk": 63, "fields": {"user_agent": "Mozilla/5.0 (X11; Linux x86_64) AppleWebKit/537.36 (KHTML, like Gecko) Chrome/138.0.0.0 Safari/537.36", "ip_address": "127.0.0.1", "username": "jesuschrist11@gmail.com", "http_accept": "text/html,application/xhtml+xml,application/xml;q=0.9,image/avif,image/webp,image/apng,*/*;q=0.8", "path_info": "/accounts/login/", "attempt_time": "2025-09-05T17:36:34.971Z", "logout_time": "2025-09-05T17:40:12.615Z", "session_hash": "c89300c6d5cb7c655127ffc9b8af32281cc4c8e2d0a7acb12d1e1c1dc4050705"}}, {"model": "axes.accesslog", "pk": 64, "fields": {"user_agent": "Mozilla/5.0 (X11; Linux x86_64) AppleWebKit/537.36 (KHTML, like Gecko) Chrome/138.0.0.0 Safari/537.36", "ip_address": "127.0.0.1", "username": "jesuschrist11@gmail.com", "http_accept": "text/html,application/xhtml+xml,application/xml;q=0.9,image/avif,image/webp,image/apng,*/*;q=0.8", "path_info": "/accounts/login/", "attempt_time": "2025-09-05T17:40:23.163Z", "logout_time": "2025-09-05T17:44:32.066Z", "session_hash": "8ec2edb35252cccac0f58c34c709876aba5078583bcd9875397102416c6fc652"}}, {"model": "axes.accesslog", "pk": 65, "fields": {"user_agent": "Mozilla/5.0 (X11; Linux x86_64) AppleWebKit/537.36 (KHTML, like Gecko) Chrome/138.0.0.0 Safari/537.36", "ip_address": "127.0.0.1", "username": "jesuschrist11@gmail.com", "http_accept": "text/html,application/xhtml+xml,application/xml;q=0.9,image/avif,image/webp,image/apng,*/*;q=0.8", "path_info": "/accounts/login/", "attempt_time": "2025-09-05T17:44:44.674Z", "logout_time": "2025-09-05T17:48:37.116Z", "session_hash": "6fd42caa86a8725ce36e1cb27c5f5e78c1d445d8082b905288c050d5d5b85f21"}}, {"model": "axes.accesslog", "pk": 66, "fields": {"user_agent": "Mozilla/5.0 (X11; Linux x86_64) AppleWebKit/537.36 (KHTML, like Gecko) Chrome/138.0.0.0 Safari/537.36", "ip_address": "127.0.0.1", "username": "jesuschrist11@gmail.com", "http_accept": "text/html,application/xhtml+xml,application/xml;q=0.9,image/avif,image/webp,image/apng,*/*;q=0.8", "path_info": "/accounts/login/", "attempt_time": "2025-09-05T17:49:48.347Z", "logout_time": "2025-09-05T17:52:14.543Z", "session_hash": "ba23db6facac4d23e166fa2778ebde0ed5b2d19e26f57e264bbdd57b3f8ac06c"}}, {"model": "axes.accesslog", "pk": 67, "fields": {"user_agent": "Mozilla/5.0 (X11; Linux x86_64) AppleWebKit/537.36 (KHTML, like Gecko) Chrome/138.0.0.0 Safari/537.36", "ip_address": "127.0.0.1", "username": "jesuschrist11@gmail.com", "http_accept": "text/html,application/xhtml+xml,application/xml;q=0.9,image/avif,image/webp,image/apng,*/*;q=0.8", "path_info": "/accounts/login/", "attempt_time": "2025-09-05T17:52:25.081Z", "logout_time": "2025-09-05T17:54:41.134Z", "session_hash": "58be1b78672411940d68449686a8d6fe324b7cc045d158dcd7ed66c0807075b1"}}, {"model": "axes.accesslog", "pk": 68, "fields": {"user_agent": "Mozilla/5.0 (X11; Linux x86_64) AppleWebKit/537.36 (KHTML, like Gecko) Chrome/138.0.0.0 Safari/537.36", "ip_address": "127.0.0.1", "username": "jesuschrist11@gmail.com", "http_accept": "text/html,application/xhtml+xml,application/xml;q=0.9,image/avif,image/webp,image/apng,*/*;q=0.8", "path_info": "/accounts/login/", "attempt_time": "2025-09-05T17:55:26.003Z", "logout_time": "2025-09-05T17:58:09.570Z", "session_hash": "15ac90d91c55a066708ae56fb518e7037b689db850b214636a7a914c4386b919"}}, {"model": "axes.accesslog", "pk": 69, "fields": {"user_agent": "Mozilla/5.0 (X11; Linux x86_64) AppleWebKit/537.36 (KHTML, like Gecko) Chrome/138.0.0.0 Safari/537.36", "ip_address": "127.0.0.1", "username": "jesuschrist11@gmail.com", "http_accept": "text/html,application/xhtml+xml,application/xml;q=0.9,image/avif,image/webp,image/apng,*/*;q=0.8", "path_info": "/accounts/login/", "attempt_time": "2025-09-05T18:00:52.244Z", "logout_time": "2025-09-05T18:02:05.832Z", "session_hash": "a8a5ef59f49017fcd75c1eba189227c9f9807a482c241d9928bfc99256144b02"}}, {"model": "axes.accesslog", "pk": 70, "fields": {"user_agent": "Mozilla/5.0 (X11; Linux x86_64) AppleWebKit/537.36 (KHTML, like Gecko) Chrome/138.0.0.0 Safari/537.36", "ip_address": "127.0.0.1", "username": "jesuschrist11@gmail.com", "http_accept": "text/html,application/xhtml+xml,application/xml;q=0.9,image/avif,image/webp,image/apng,*/*;q=0.8", "path_info": "/accounts/login/", "attempt_time": "2025-09-05T18:02:22.322Z", "logout_time": "2025-09-05T18:06:53.077Z", "session_hash": "02a6c94faf2becce4710c7ac1ae6b6ba1b262ecc5f649e4b6aef6e7713d02f3f"}}, {"model": "axes.accesslog", "pk": 71, "fields": {"user_agent": "Mozilla/5.0 (X11; Linux x86_64) AppleWebKit/537.36 (KHTML, like Gecko) Chrome/138.0.0.0 Safari/537.36", "ip_address": "127.0.0.1", "username": "jesuschrist11@gmail.com", "http_accept": "text/html,application/xhtml+xml,application/xml;q=0.9,image/avif,image/webp,image/apng,*/*;q=0.8", "path_info": "/accounts/login/", "attempt_time": "2025-09-05T18:07:09.114Z", "logout_time": "2025-09-05T18:51:11.284Z", "session_hash": "6699ec80d3ce5a32c6e311a75d3fa298a5ec7a097bb6dd02abde32d8a094b861"}}, {"model": "axes.accesslog", "pk": 72, "fields": {"user_agent": "Mozilla/5.0 (X11; Linux x86_64) AppleWebKit/537.36 (KHTML, like Gecko) Chrome/138.0.0.0 Safari/537.36", "ip_address": "127.0.0.1", "username": "jesuschrist11@gmail.com", "http_accept": "text/html,application/xhtml+xml,application/xml;q=0.9,image/avif,image/webp,image/apng,*/*;q=0.8", "path_info": "/accounts/login/", "attempt_time": "2025-09-05T18:51:38.162Z", "logout_time": "2025-09-05T18:54:32.632Z", "session_hash": "d74f16366ccd95f9b6d1fc7f9381cf85974e3e87480451608642e803f6b2886e"}}, {"model": "axes.accesslog", "pk": 73, "fields": {"user_agent": "Mozilla/5.0 (X11; Linux x86_64) AppleWebKit/537.36 (KHTML, like Gecko) Chrome/138.0.0.0 Safari/537.36", "ip_address": "127.0.0.1", "username": "jesuschrist11@gmail.com", "http_accept": "text/html,application/xhtml+xml,application/xml;q=0.9,image/avif,image/webp,image/apng,*/*;q=0.8", "path_info": "/accounts/login/", "attempt_time": "2025-09-05T18:54:52.507Z", "logout_time": "2025-09-05T18:57:33.161Z", "session_hash": "145710f6159af09c0d09e3ca09178518181e3e13b759a80d1be0b92d7167edcb"}}, {"model": "axes.accesslog", "pk": 74, "fields": {"user_agent": "Mozilla/5.0 (X11; Linux x86_64) AppleWebKit/537.36 (KHTML, like Gecko) Chrome/138.0.0.0 Safari/537.36", "ip_address": "127.0.0.1", "username": "jesuschrist11@gmail.com", "http_accept": "text/html,application/xhtml+xml,application/xml;q=0.9,image/avif,image/webp,image/apng,*/*;q=0.8", "path_info": "/accounts/login/", "attempt_time": "2025-09-05T18:58:43.071Z", "logout_time": "2025-09-05T19:15:13.097Z", "session_hash": "b0d26c7eeee889d22e33ead3203ef5d257f18b6562cf3c876d0b785694346532"}}, {"model": "axes.accesslog", "pk": 75, "fields": {"user_agent": "Mozilla/5.0 (X11; Linux x86_64) AppleWebKit/537.36 (KHTML, like Gecko) Chrome/138.0.0.0 Safari/537.36", "ip_address": "127.0.0.1", "username": "jesuschrist11@gmail.com", "http_accept": "text/html,application/xhtml+xml,application/xml;q=0.9,image/avif,image/webp,image/apng,*/*;q=0.8", "path_info": "/accounts/login/", "attempt_time": "2025-09-05T19:15:26.874Z", "logout_time": "2025-09-05T19:49:39.626Z", "session_hash": "567621c5a3f75d6b7b1d00eb45708d007a824d2bb394d12f6c99acef80001392"}}, {"model": "axes.accesslog", "pk": 76, "fields": {"user_agent": "Mozilla/5.0 (X11; Linux x86_64) AppleWebKit/537.36 (KHTML, like Gecko) Chrome/138.0.0.0 Safari/537.36", "ip_address": "127.0.0.1", "username": "jesuschrist11@gmail.com", "http_accept": "text/html,application/xhtml+xml,application/xml;q=0.9,image/avif,image/webp,image/apng,*/*;q=0.8", "path_info": "/accounts/login/", "attempt_time": "2025-09-05T19:49:54.168Z", "logout_time": "2025-09-05T20:46:08.339Z", "session_hash": "fa3c88a0e9cc6b12770edd5565664c6a745df09c920118b27540e60a807226d9"}}, {"model": "axes.accesslog", "pk": 77, "fields": {"user_agent": "Mozilla/5.0 (X11; Linux x86_64) AppleWebKit/537.36 (KHTML, like Gecko) Chrome/138.0.0.0 Safari/537.36", "ip_address": "127.0.0.1", "username": "jesuschrist11@gmail.com", "http_accept": "text/html,application/xhtml+xml,application/xml;q=0.9,image/avif,image/webp,image/apng,*/*;q=0.8", "path_info": "/accounts/login/", "attempt_time": "2025-09-05T22:54:19.305Z", "logout_time": null, "session_hash": "d285264cf9283e9c57f2cff4ba9b5761ea403020e4554814f933c938bba4f09a"}}, {"model": "axes.accesslog", "pk": 78, "fields": {"user_agent": "Mozilla/5.0 (X11; Linux x86_64) AppleWebKit/537.36 (KHTML, like Gecko) Chrome/138.0.0.0 Safari/537.36", "ip_address": "127.0.0.1", "username": "jesuschrist11@gmail.com", "http_accept": "text/html,application/xhtml+xml,application/xml;q=0.9,image/avif,image/webp,image/apng,*/*;q=0.8", "path_info": "/accounts/login/", "attempt_time": "2025-09-07T13:19:18.765Z", "logout_time": null, "session_hash": "adc2248d404e339889f692eb4524f070d3a9d6788c61934a384795cc022c6984"}}, {"model": "axes.accesslog", "pk": 79, "fields": {"user_agent": "Mozilla/5.0 (X11; Linux x86_64) AppleWebKit/537.36 (KHTML, like Gecko) Chrome/138.0.0.0 Safari/537.36", "ip_address": "127.0.0.1", "username": "jesuschrist11@gmail.com", "http_accept": "text/html,application/xhtml+xml,application/xml;q=0.9,image/avif,image/webp,image/apng,*/*;q=0.8", "path_info": "/accounts/login/", "attempt_time": "2025-09-08T19:53:23.225Z", "logout_time": null, "session_hash": "2bd9e26a2bcedcff8d105a7ee3e6362ab11cd8d7363f46b29eb080cc7b9870f3"}}, {"model": "axes.accesslog", "pk": 80, "fields": {"user_agent": "Mozilla/5.0 (X11; Linux x86_64) AppleWebKit/537.36 (KHTML, like Gecko) Chrome/138.0.0.0 Safari/537.36", "ip_address": "127.0.0.1", "username": "admin@azgrills.com", "http_accept": "text/html,application/xhtml+xml,application/xml;q=0.9,image/avif,image/webp,image/apng,*/*;q=0.8", "path_info": "/securelogin/login/", "attempt_time": "2025-09-08T20:14:33.404Z", "logout_time": null, "session_hash": "df7796a5ade471db14b347947833e993174973f3799b5e62569a50f7838e3e37"}}, {"model": "axes.accesslog", "pk": 81, "fields": {"user_agent": "Mozilla/5.0 (X11; Linux x86_64) AppleWebKit/537.36 (KHTML, like Gecko) Chrome/138.0.0.0 Safari/537.36", "ip_address": "127.0.0.1", "username": "quaderone@pm.me", "http_accept": "text/html,application/xhtml+xml,application/xml;q=0.9,image/avif,image/webp,image/apng,*/*;q=0.8", "path_info": "/accounts/login/", "attempt_time": "2025-09-08T20:20:10.805Z", "logout_time": "2025-09-08T20:20:14.887Z", "session_hash": "a791356f6bdfab279275275d6bc9c484f37caf690221fe15d77bfd31d45c9ddf"}}, {"model": "axes.accesslog", "pk": 82, "fields": {"user_agent": "Mozilla/5.0 (X11; Linux x86_64) AppleWebKit/537.36 (KHTML, like Gecko) Chrome/138.0.0.0 Safari/537.36", "ip_address": "127.0.0.1", "username": "quaderone@pm.me", "http_accept": "text/html,application/xhtml+xml,application/xml;q=0.9,image/avif,image/webp,image/apng,*/*;q=0.8", "path_info": "/accounts/login/", "attempt_time": "2025-09-08T20:20:18.522Z", "logout_time": "2025-09-08T20:20:56.523Z", "session_hash": "f79a90be942874da3578e2ef7da04a9b4d575a946d99d463fb9ae3b00184efed"}}, {"model": "axes.accesslog", "pk": 83, "fields": {"user_agent": "Mozilla/5.0 (X11; Linux x86_64) AppleWebKit/537.36 (KHTML, like Gecko) Chrome/138.0.0.0 Safari/537.36", "ip_address": "127.0.0.1", "username": "quaderone@pm.me", "http_accept": "text/html,application/xhtml+xml,application/xml;q=0.9,image/avif,image/webp,image/apng,*/*;q=0.8", "path_info": "/accounts/login/", "attempt_time": "2025-09-08T20:21:11.911Z", "logout_time": "2025-09-08T21:19:21.777Z", "session_hash": "a67f8c812c7ce1a648d5b587b6e848e7e8963b866a75b981f2cd29118ab5fd77"}}, {"model": "axes.accesslog", "pk": 84, "fields": {"user_agent": "Mozilla/5.0 (X11; Linux x86_64) AppleWebKit/537.36 (KHTML, like Gecko) Chrome/138.0.0.0 Safari/537.36", "ip_address": "127.0.0.1", "username": "admin@azgrills.com", "http_accept": "text/html,application/xhtml+xml,application/xml;q=0.9,image/avif,image/webp,image/apng,*/*;q=0.8", "path_info": "/securelogin/login/", "attempt_time": "2025-09-08T21:18:21.512Z", "logout_time": "2025-09-08T21:33:26.167Z", "session_hash": "372a9fc2a901be37f3322e1c1717db90ab9b7451301738d6f2ec9bede691a0ce"}}, {"model": "axes.accesslog", "pk": 85, "fields": {"user_agent": "Mozilla/5.0 (X11; Linux x86_64) AppleWebKit/537.36 (KHTML, like Gecko) Chrome/138.0.0.0 Safari/537.36", "ip_address": "127.0.0.1", "username": "moses@moses.com", "http_accept": "text/html,application/xhtml+xml,application/xml;q=0.9,image/avif,image/webp,image/apng,*/*;q=0.8", "path_info": "/accounts/login/", "attempt_time": "2025-09-08T21:19:32.768Z", "logout_time": "2025-09-08T21:34:32.741Z", "session_hash": "2295d1940d5e5ad2b9eb0f1f9fc536a2e87b68a63ca889a6e9e015e374bfdc98"}}, {"model": "axes.accesslog", "pk": 86, "fields": {"user_agent": "Mozilla/5.0 (X11; Linux x86_64) AppleWebKit/537.36 (KHTML, like Gecko) Chrome/138.0.0.0 Safari/537.36", "ip_address": "127.0.0.1", "username": "admin@azgrills.com", "http_accept": "text/html,application/xhtml+xml,application/xml;q=0.9,image/avif,image/webp,image/apng,*/*;q=0.8", "path_info": "/securelogin/login/", "attempt_time": "2025-09-08T21:33:44.293Z", "logout_time": "2025-09-08T21:33:51.336Z", "session_hash": "fbedc04a0c6eb95734fe5ce992293b93970dd1e1f12c0a07507ca028f038841d"}}, {"model": "axes.accesslog", "pk": 87, "fields": {"user_agent": "Mozilla/5.0 (X11; Linux x86_64) AppleWebKit/537.36 (KHTML, like Gecko) Chrome/138.0.0.0 Safari/537.36", "ip_address": "127.0.0.1", "username": "admin@azgrills.com", "http_accept": "text/html,application/xhtml+xml,application/xml;q=0.9,image/avif,image/webp,image/apng,*/*;q=0.8", "path_info": "/securelogin/login/", "attempt_time": "2025-09-08T21:34:04.377Z", "logout_time": "2025-09-08T21:36:58.110Z", "session_hash": "0865349f776c12bca294c9ef549a5a447e271802216ea3c1c705f691092e7bf5"}}, {"model": "axes.accesslog", "pk": 88, "fields": {"user_agent": "Mozilla/5.0 (X11; Linux x86_64) AppleWebKit/537.36 (KHTML, like Gecko) Chrome/138.0.0.0 Safari/537.36", "ip_address": "127.0.0.1", "username": "admin@azgrills.com", "http_accept": "text/html,application/xhtml+xml,application/xml;q=0.9,image/avif,image/webp,image/apng,*/*;q=0.8", "path_info": "/securelogin/login/", "attempt_time": "2025-09-08T21:35:06.784Z", "logout_time": "2025-09-08T21:35:17.438Z", "session_hash": "799ea25b39fa0734906efd48acdb448191378f9853028b7e34e3595df1ea5be7"}}, {"model": "axes.accesslog", "pk": 89, "fields": {"user_agent": "Mozilla/5.0 (X11; Linux x86_64) AppleWebKit/537.36 (KHTML, like Gecko) Chrome/138.0.0.0 Safari/537.36", "ip_address": "127.0.0.1", "username": "admin@azgrills.com", "http_accept": "text/html,application/xhtml+xml,application/xml;q=0.9,image/avif,image/webp,image/apng,*/*;q=0.8", "path_info": "/securelogin/login/", "attempt_time": "2025-09-08T21:37:07.993Z", "logout_time": null, "session_hash": "39074a37b1040a914f306dc2473fe7e2d643d46f4918d1614ede85f5e4fb0459"}}, {"model": "axes.accesslog", "pk": 90, "fields": {"user_agent": "Mozilla/5.0 (X11; Linux x86_64) AppleWebKit/537.36 (KHTML, like Gecko) Chrome/138.0.0.0 Safari/537.36", "ip_address": "127.0.0.1", "username": "admin@azgrills.com", "http_accept": "text/html,application/xhtml+xml,application/xml;q=0.9,image/avif,image/webp,image/apng,*/*;q=0.8", "path_info": "/securelogin/login/", "attempt_time": "2025-09-08T21:38:33.473Z", "logout_time": null, "session_hash": "37168a16270df67a5f532e7416a168425917f54ce9d92ac3f723d7ab2c4fade3"}}, {"model": "axes.accesslog", "pk": 91, "fields": {"user_agent": "Mozilla/5.0 (X11; Linux x86_64) AppleWebKit/537.36 (KHTML, like Gecko) Chrome/138.0.0.0 Safari/537.36", "ip_address": "127.0.0.1", "username": "admin@azgrills.com", "http_accept": "text/html,application/xhtml+xml,application/xml;q=0.9,image/avif,image/webp,image/apng,*/*;q=0.8", "path_info": "/securelogin/login/", "attempt_time": "2025-09-08T21:39:56.764Z", "logout_time": null, "session_hash": "c83f0e27d21a5396e7ea9e52f78743c85d48594eef9502b660836e814e3ee73c"}}, {"model": "axes.accesslog", "pk": 92, "fields": {"user_agent": "Mozilla/5.0 (X11; Linux x86_64) AppleWebKit/537.36 (KHTML, like Gecko) Chrome/138.0.0.0 Safari/537.36", "ip_address": "127.0.0.1", "username": "admin@azgrills.com", "http_accept": "text/html,application/xhtml+xml,application/xml;q=0.9,image/avif,image/webp,image/apng,*/*;q=0.8", "path_info": "/securelogin/login/", "attempt_time": "2025-09-08T21:40:14.429Z", "logout_time": null, "session_hash": "18f37d9203df74e49207fc7cb15674e2dcf6975cf099ea9131c40de9abd6ef9a"}}, {"model": "axes.accesslog", "pk": 93, "fields": {"user_agent": "Mozilla/5.0 (X11; Linux x86_64) AppleWebKit/537.36 (KHTML, like Gecko) Chrome/138.0.0.0 Safari/537.36", "ip_address": "127.0.0.1", "username": "quaderone@pm.me", "http_accept": "text/html,application/xhtml+xml,application/xml;q=0.9,image/avif,image/webp,image/apng,*/*;q=0.8", "path_info": "/accounts/login/", "attempt_time": "2025-09-08T21:43:14.044Z", "logout_time": null, "session_hash": "18c1e2383b563ae9af61ab77aa5ef82e81846d9b485392e2830bf099e0623c5b"}}, {"model": "axes.accesslog", "pk": 94, "fields": {"user_agent": "Mozilla/5.0 (X11; Linux x86_64) AppleWebKit/537.36 (KHTML, like Gecko) Chrome/138.0.0.0 Safari/537.36", "ip_address": "127.0.0.1", "username": "quaderone@pm.me", "http_accept": "text/html,application/xhtml+xml,application/xml;q=0.9,image/avif,image/webp,image/apng,*/*;q=0.8", "path_info": "/accounts/login/", "attempt_time": "2025-09-08T21:44:48.665Z", "logout_time": null, "session_hash": "09cc3138ecdf65ab95222e42145d797492a5be2951663c85872251c4ac88d4e6"}}, {"model": "axes.accesslog", "pk": 95, "fields": {"user_agent": "Mozilla/5.0 (X11; Linux x86_64) AppleWebKit/537.36 (KHTML, like Gecko) Chrome/138.0.0.0 Safari/537.36", "ip_address": "127.0.0.1", "username": "quaderone@pm.me", "http_accept": "text/html,application/xhtml+xml,application/xml;q=0.9,image/avif,image/webp,image/apng,*/*;q=0.8", "path_info": "/accounts/login/", "attempt_time": "2025-09-08T21:45:40.765Z", "logout_time": null, "session_hash": "db4cbba689090a6557f2c4805d292348fee4e6def55f0a29aaa20a834656cc38"}}, {"model": "axes.accesslog", "pk": 96, "fields": {"user_agent": "Mozilla/5.0 (X11; Linux x86_64) AppleWebKit/537.36 (KHTML, like Gecko) Chrome/138.0.0.0 Safari/537.36", "ip_address": "127.0.0.1", "username": "admin@azgrills.com", "http_accept": "text/html,application/xhtml+xml,application/xml;q=0.9,image/avif,image/webp,image/apng,*/*;q=0.8", "path_info": "/securelogin/login/", "attempt_time": "2025-09-08T21:47:03.819Z", "logout_time": null, "session_hash": "d0a19d575fbfb59c6d83343252a3c7e8f20756fa03780bfc462179190c236250"}}, {"model": "axes.accesslog", "pk": 97, "fields": {"user_agent": "Mozilla/5.0 (X11; Linux x86_64) AppleWebKit/537.36 (KHTML, like Gecko) Chrome/138.0.0.0 Safari/537.36", "ip_address": "127.0.0.1", "username": "admin@azgrills.com", "http_accept": "text/html,application/xhtml+xml,application/xml;q=0.9,image/avif,image/webp,image/apng,*/*;q=0.8", "path_info": "/securelogin/login/", "attempt_time": "2025-09-08T21:57:49.767Z", "logout_time": null, "session_hash": "b433f8abf16c698545b8a3b36c0acca1c2819af8b7197c0e5a2fe13ce06d42ed"}}, {"model": "axes.accesslog", "pk": 98, "fields": {"user_agent": "Mozilla/5.0 (X11; Linux x86_64) AppleWebKit/537.36 (KHTML, like Gecko) Chrome/138.0.0.0 Safari/537.36", "ip_address": "127.0.0.1", "username": "quaderone@pm.me", "http_accept": "text/html,application/xhtml+xml,application/xml;q=0.9,image/avif,image/webp,image/apng,*/*;q=0.8", "path_info": "/accounts/login/", "attempt_time": "2025-09-08T22:00:22.627Z", "logout_time": null, "session_hash": "8f720de0b631d34fccd71c0473e5d896a834be407fb2bfbee7131e9db05c20bd"}}, {"model": "axes.accesslog", "pk": 99, "fields": {"user_agent": "Mozilla/5.0 (X11; Linux x86_64) AppleWebKit/537.36 (KHTML, like Gecko) Chrome/138.0.0.0 Safari/537.36", "ip_address": "127.0.0.1", "username": "quaderone@pm.me", "http_accept": "text/html,application/xhtml+xml,application/xml;q=0.9,image/avif,image/webp,image/apng,*/*;q=0.8", "path_info": "/accounts/login/", "attempt_time": "2025-09-08T22:01:15.831Z", "logout_time": null, "session_hash": "3c7f5cf72226d37e76a0ca45e0c911e92a47acb3957675a41d65e7d9108e2ef5"}}, {"model": "axes.accesslog", "pk": 100, "fields": {"user_agent": "Mozilla/5.0 (X11; Linux x86_64) AppleWebKit/537.36 (KHTML, like Gecko) Chrome/138.0.0.0 Safari/537.36", "ip_address": "127.0.0.1", "username": "quaderone@pm.me", "http_accept": "text/html,application/xhtml+xml,application/xml;q=0.9,image/avif,image/webp,image/apng,*/*;q=0.8", "path_info": "/accounts/login/", "attempt_time": "2025-09-08T22:05:00.141Z", "logout_time": "2025-09-08T22:05:00.205Z", "session_hash": "1bc74f8a8b1cbbdcea639dc0d505ef4988d3ba207ebfdc7e134a21cf8d3787cf"}}, {"model": "axes.accesslog", "pk": 101, "fields": {"user_agent": "Mozilla/5.0 (X11; Linux x86_64) AppleWebKit/537.36 (KHTML, like Gecko) Chrome/138.0.0.0 Safari/537.36", "ip_address": "127.0.0.1", "username": "quaderone@pm.me", "http_accept": "text/html,application/xhtml+xml,application/xml;q=0.9,image/avif,image/webp,image/apng,*/*;q=0.8", "path_info": "/accounts/login/", "attempt_time": "2025-09-08T22:05:27.457Z", "logout_time": null, "session_hash": "1388ba020993d1138e02a05c70b2438b7f3a4eee0f6229c40816450059bc9559"}}, {"model": "axes.accesslog", "pk": 102, "fields": {"user_agent": "Mozilla/5.0 (X11; Linux x86_64) AppleWebKit/537.36 (KHTML, like Gecko) Chrome/138.0.0.0 Safari/537.36", "ip_address": "127.0.0.1", "username": "quaderone@pm.me", "http_accept": "text/html,application/xhtml+xml,application/xml;q=0.9,image/avif,image/webp,image/apng,*/*;q=0.8", "path_info": "/accounts/login/", "attempt_time": "2025-09-08T22:06:12.807Z", "logout_time": null, "session_hash": "fcdd951db158c35fb133598a5abc6f2c546bb8ea28c1a3584910d6c7dc67a36a"}}, {"model": "axes.accesslog", "pk": 103, "fields": {"user_agent": "Mozilla/5.0 (X11; Linux x86_64) AppleWebKit/537.36 (KHTML, like Gecko) Chrome/138.0.0.0 Safari/537.36", "ip_address": "127.0.0.1", "username": "admin@azgrills.com", "http_accept": "text/html,application/xhtml+xml,application/xml;q=0.9,image/avif,image/webp,image/apng,*/*;q=0.8", "path_info": "/securelogin/login/", "attempt_time": "2025-09-08T22:06:41.857Z", "logout_time": null, "session_hash": "253eb3950cfef1cb0f011603613689a496667862e389a812897e9b1ef663957a"}}, {"model": "axes.accesslog", "pk": 104, "fields": {"user_agent": "Mozilla/5.0 (X11; Linux x86_64) AppleWebKit/537.36 (KHTML, like Gecko) Chrome/138.0.0.0 Safari/537.36", "ip_address": "127.0.0.1", "username": "admin@azgrills.com", "http_accept": "text/html,application/xhtml+xml,application/xml;q=0.9,image/avif,image/webp,image/apng,*/*;q=0.8", "path_info": "/securelogin/login/", "attempt_time": "2025-09-08T22:07:45.268Z", "logout_time": null, "session_hash": "c4d379db0ee79c9c0f4174c20db5ca69a3803ce17998d995149e774cf9320aa1"}}, {"model": "axes.accesslog", "pk": 105, "fields": {"user_agent": "Mozilla/5.0 (X11; Linux x86_64) AppleWebKit/537.36 (KHTML, like Gecko) Chrome/138.0.0.0 Safari/537.36", "ip_address": "127.0.0.1", "username": "admin@azgrills.com", "http_accept": "text/html,application/xhtml+xml,application/xml;q=0.9,image/avif,image/webp,image/apng,*/*;q=0.8", "path_info": "/securelogin/login/", "attempt_time": "2025-09-08T22:11:40.864Z", "logout_time": null, "session_hash": "073b20792f7d92766127e42828e67dc71a7e1ac29bb68a6322e81d0ccea5c78c"}}, {"model": "axes.accesslog", "pk": 106, "fields": {"user_agent": "Mozilla/5.0 (X11; Linux x86_64) AppleWebKit/537.36 (KHTML, like Gecko) Chrome/138.0.0.0 Safari/537.36", "ip_address": "127.0.0.1", "username": "admin@azgrills.com", "http_accept": "text/html,application/xhtml+xml,application/xml;q=0.9,image/avif,image/webp,image/apng,*/*;q=0.8", "path_info": "/securelogin/login/", "attempt_time": "2025-09-08T22:13:00.679Z", "logout_time": null, "session_hash": "fafa6c2feaeff2349f4269b79c8efa22bbca3a84b2bcb26e9b6a77399d548dc5"}}, {"model": "axes.accesslog", "pk": 107, "fields": {"user_agent": "Mozilla/5.0 (X11; Linux x86_64) AppleWebKit/537.36 (KHTML, like Gecko) Chrome/138.0.0.0 Safari/537.36", "ip_address": "127.0.0.1", "username": "quaderone@pm.me", "http_accept": "text/html,application/xhtml+xml,application/xml;q=0.9,image/avif,image/webp,image/apng,*/*;q=0.8", "path_info": "/accounts/login/", "attempt_time": "2025-09-08T22:15:13.313Z", "logout_time": null, "session_hash": "7c3d07389493d508f52fcc58cee55ed851a28187a9fb8766301bea31f8070ab5"}}, {"model": "axes.accesslog", "pk": 108, "fields": {"user_agent": "Mozilla/5.0 (X11; Linux x86_64) AppleWebKit/537.36 (KHTML, like Gecko) Chrome/138.0.0.0 Safari/537.36", "ip_address": "127.0.0.1", "username": "quaderone@pm.me", "http_accept": "text/html,application/xhtml+xml,application/xml;q=0.9,image/avif,image/webp,image/apng,*/*;q=0.8", "path_info": "/accounts/login/", "attempt_time": "2025-09-08T22:16:22.159Z", "logout_time": null, "session_hash": "fc044aec936d5e85929271d719babb639379f1f5fde9e4b4f72150d3f60dddee"}}, {"model": "axes.accesslog", "pk": 109, "fields": {"user_agent": "Mozilla/5.0 (X11; Linux x86_64) AppleWebKit/537.36 (KHTML, like Gecko) Chrome/138.0.0.0 Safari/537.36", "ip_address": "127.0.0.1", "username": "quaderone@pm.me", "http_accept": "text/html,application/xhtml+xml,application/xml;q=0.9,image/avif,image/webp,image/apng,*/*;q=0.8", "path_info": "/accounts/login/", "attempt_time": "2025-09-08T22:18:17.575Z", "logout_time": null, "session_hash": "e030d0108784161927d9f3d49f5f2f13803bfd08cb5b6f307605030721a75489"}}, {"model": "axes.accesslog", "pk": 110, "fields": {"user_agent": "Mozilla/5.0 (X11; Linux x86_64) AppleWebKit/537.36 (KHTML, like Gecko) Chrome/138.0.0.0 Safari/537.36", "ip_address": "127.0.0.1", "username": "quaderone@pm.me", "http_accept": "text/html,application/xhtml+xml,application/xml;q=0.9,image/avif,image/webp,image/apng,*/*;q=0.8", "path_info": "/accounts/login/", "attempt_time": "2025-09-08T22:19:17.534Z", "logout_time": null, "session_hash": "3b83b185e52978dbe07a468fb1c6385c9c7be047a842f4d5a35ec70968fadfc0"}}, {"model": "axes.accesslog", "pk": 111, "fields": {"user_agent": "Mozilla/5.0 (X11; Linux x86_64) AppleWebKit/537.36 (KHTML, like Gecko) Chrome/138.0.0.0 Safari/537.36", "ip_address": "127.0.0.1", "username": "admin@azgrills.com", "http_accept": "text/html,application/xhtml+xml,application/xml;q=0.9,image/avif,image/webp,image/apng,*/*;q=0.8", "path_info": "/securelogin/login/", "attempt_time": "2025-09-08T22:19:39.937Z", "logout_time": null, "session_hash": "67b036c8ef7d2000c28179260ce874f10dff2e9413cf94a11b9dc04cbe4c7241"}}, {"model": "axes.accesslog", "pk": 112, "fields": {"user_agent": "Mozilla/5.0 (X11; Linux x86_64) AppleWebKit/537.36 (KHTML, like Gecko) Chrome/138.0.0.0 Safari/537.36", "ip_address": "127.0.0.1", "username": "admin@azgrills.com", "http_accept": "text/html,application/xhtml+xml,application/xml;q=0.9,image/avif,image/webp,image/apng,*/*;q=0.8", "path_info": "/securelogin/login/", "attempt_time": "2025-09-08T22:20:53.716Z", "logout_time": null, "session_hash": "3103f2f1997fc6481646b5a64b86825c83e37c55e1008c1e804cc9d72d8bbd7e"}}, {"model": "axes.accesslog", "pk": 113, "fields": {"user_agent": "Mozilla/5.0 (X11; Linux x86_64) AppleWebKit/537.36 (KHTML, like Gecko) Chrome/138.0.0.0 Safari/537.36", "ip_address": "127.0.0.1", "username": "admin@azgrills.com", "http_accept": "text/html,application/xhtml+xml,application/xml;q=0.9,image/avif,image/webp,image/apng,*/*;q=0.8", "path_info": "/securelogin/login/", "attempt_time": "2025-09-08T22:22:48.117Z", "logout_time": null, "session_hash": "99d129a3174486638db32131fe9682d80cf943c800624db0918f6c22ba1db820"}}, {"model": "axes.accesslog", "pk": 114, "fields": {"user_agent": "Mozilla/5.0 (X11; Linux x86_64) AppleWebKit/537.36 (KHTML, like Gecko) Chrome/138.0.0.0 Safari/537.36", "ip_address": "127.0.0.1", "username": "admin@azgrills.com", "http_accept": "text/html,application/xhtml+xml,application/xml;q=0.9,image/avif,image/webp,image/apng,*/*;q=0.8", "path_info": "/securelogin/login/", "attempt_time": "2025-09-08T22:23:47.373Z", "logout_time": null, "session_hash": "265813a93331f9c42e5c486448693c5f13b31c5d973925895dd1758c6213ea30"}}, {"model": "axes.accesslog", "pk": 115, "fields": {"user_agent": "Mozilla/5.0 (X11; Linux x86_64) AppleWebKit/537.36 (KHTML, like Gecko) Chrome/138.0.0.0 Safari/537.36", "ip_address": "127.0.0.1", "username": "admin@azgrills.com", "http_accept": "text/html,application/xhtml+xml,application/xml;q=0.9,image/avif,image/webp,image/apng,*/*;q=0.8", "path_info": "/accounts/login/", "attempt_time": "2025-09-08T22:27:40.486Z", "logout_time": null, "session_hash": "91d6ec4571c7075a1e584725208a3f872b43e179a6ceb0c9f915a82b45abd9a5"}}, {"model": "axes.accesslog", "pk": 116, "fields": {"user_agent": "Mozilla/5.0 (X11; Linux x86_64) AppleWebKit/537.36 (KHTML, like Gecko) Chrome/138.0.0.0 Safari/537.36", "ip_address": "127.0.0.1", "username": "admin@azgrills.com", "http_accept": "text/html,application/xhtml+xml,application/xml;q=0.9,image/avif,image/webp,image/apng,*/*;q=0.8", "path_info": "/accounts/login/", "attempt_time": "2025-09-08T22:29:28.029Z", "logout_time": "2025-09-08T22:29:30.030Z", "session_hash": "16fae4e8c6de7625a31e7104ec0729207b0cbe25ef112ba0cef09f02a815aebb"}}, {"model": "axes.accesslog", "pk": 117, "fields": {"user_agent": "Mozilla/5.0 (X11; Linux x86_64) AppleWebKit/537.36 (KHTML, like Gecko) Chrome/138.0.0.0 Safari/537.36", "ip_address": "127.0.0.1", "username": "admin@azgrills.com", "http_accept": "text/html,application/xhtml+xml,application/xml;q=0.9,image/avif,image/webp,image/apng,*/*;q=0.8", "path_info": "/securelogin/login/", "attempt_time": "2025-09-08T22:29:51.636Z", "logout_time": "2025-09-08T22:29:58.371Z", "session_hash": "4025bd6454e693e577b7a38e48a07816c77e7660d57c23479afdb22d94582235"}}, {"model": "axes.accesslog", "pk": 118, "fields": {"user_agent": "Mozilla/5.0 (X11; Linux x86_64) AppleWebKit/537.36 (KHTML, like Gecko) Chrome/138.0.0.0 Safari/537.36", "ip_address": "127.0.0.1", "username": "admin@azgrills.com", "http_accept": "text/html,application/xhtml+xml,application/xml;q=0.9,image/avif,image/webp,image/apng,*/*;q=0.8", "path_info": "/securelogin/login/", "attempt_time": "2025-09-08T22:30:06.184Z", "logout_time": null, "session_hash": "a671040c87cba08d4460f72450048bd378d278ef362d221c6a11da03792983ad"}}, {"model": "axes.accesslog", "pk": 119, "fields": {"user_agent": "Mozilla/5.0 (X11; Linux x86_64) AppleWebKit/537.36 (KHTML, like Gecko) Chrome/138.0.0.0 Safari/537.36", "ip_address": "127.0.0.1", "username": "admin@azgrills.com", "http_accept": "text/html,application/xhtml+xml,application/xml;q=0.9,image/avif,image/webp,image/apng,*/*;q=0.8", "path_info": "/securelogin/login/", "attempt_time": "2025-09-08T22:37:02.762Z", "logout_time": null, "session_hash": "0ee38994615275fce685e889edce1339e6200c083756a5e0c523a341e0339958"}}, {"model": "axes.accesslog", "pk": 120, "fields": {"user_agent": "Mozilla/5.0 (X11; Linux x86_64) AppleWebKit/537.36 (KHTML, like Gecko) Chrome/138.0.0.0 Safari/537.36", "ip_address": "127.0.0.1", "username": "admin@azgrills.com", "http_accept": "text/html,application/xhtml+xml,application/xml;q=0.9,image/avif,image/webp,image/apng,*/*;q=0.8", "path_info": "/securelogin/login/", "attempt_time": "2025-09-08T22:37:51.811Z", "logout_time": null, "session_hash": "fee7c713600f952723019b4e6cd0ff295462f65c07962b1d62ac574be4fc5c5e"}}, {"model": "axes.accesslog", "pk": 121, "fields": {"user_agent": "Mozilla/5.0 (X11; Linux x86_64) AppleWebKit/537.36 (KHTML, like Gecko) Chrome/138.0.0.0 Safari/537.36", "ip_address": "127.0.0.1", "username": "admin@azgrills.com", "http_accept": "text/html,application/xhtml+xml,application/xml;q=0.9,image/avif,image/webp,image/apng,*/*;q=0.8", "path_info": "/securelogin/login/", "attempt_time": "2025-09-08T22:45:48.883Z", "logout_time": null, "session_hash": "31fb8323f4c215b427ee4d56e110469851eb2c6f66001dc710294143684f0096"}}, {"model": "axes.accesslog", "pk": 122, "fields": {"user_agent": "Mozilla/5.0 (X11; Linux x86_64) AppleWebKit/537.36 (KHTML, like Gecko) Chrome/138.0.0.0 Safari/537.36", "ip_address": "127.0.0.1", "username": "admin@azgrills.com", "http_accept": "text/html,application/xhtml+xml,application/xml;q=0.9,image/avif,image/webp,image/apng,*/*;q=0.8", "path_info": "/securelogin/login/", "attempt_time": "2025-09-08T22:49:01.921Z", "logout_time": null, "session_hash": "eea3875cefad0a7f068cbbe607e51a3fad84faa0b8507b08e450fbca3bbffcb4"}}, {"model": "axes.accesslog", "pk": 123, "fields": {"user_agent": "Mozilla/5.0 (X11; Linux x86_64) AppleWebKit/537.36 (KHTML, like Gecko) Chrome/138.0.0.0 Safari/537.36", "ip_address": "127.0.0.1", "username": "admin@azgrills.com", "http_accept": "text/html,application/xhtml+xml,application/xml;q=0.9,image/avif,image/webp,image/apng,*/*;q=0.8", "path_info": "/securelogin/login/", "attempt_time": "2025-09-08T23:05:13.190Z", "logout_time": null, "session_hash": "f9c4a9cf972267d158ff058e5d93ca2f094d9554eff23e03df3754d56711590a"}}, {"model": "axes.accesslog", "pk": 124, "fields": {"user_agent": "Mozilla/5.0 (X11; Linux x86_64) AppleWebKit/537.36 (KHTML, like Gecko) Chrome/138.0.0.0 Safari/537.36", "ip_address": "127.0.0.1", "username": "admin@azgrills.com", "http_accept": "text/html,application/xhtml+xml,application/xml;q=0.9,image/avif,image/webp,image/apng,*/*;q=0.8", "path_info": "/securelogin/login/", "attempt_time": "2025-09-08T23:05:55.751Z", "logout_time": null, "session_hash": "b066d3a121c2efd7c5112b012cc0811bdc13429be597635149a8795a5e37c656"}}, {"model": "axes.accesslog", "pk": 125, "fields": {"user_agent": "Mozilla/5.0 (X11; Linux x86_64) AppleWebKit/537.36 (KHTML, like Gecko) Chrome/138.0.0.0 Safari/537.36", "ip_address": "127.0.0.1", "username": "admin@azgrills.com", "http_accept": "text/html,application/xhtml+xml,application/xml;q=0.9,image/avif,image/webp,image/apng,*/*;q=0.8", "path_info": "/securelogin/login/", "attempt_time": "2025-09-08T23:07:47.195Z", "logout_time": null, "session_hash": "143d603e2043be6b5bbd6f2dc365a3d535df1c6d88835f2b8f5fa9fcc35e2457"}}, {"model": "axes.accesslog", "pk": 126, "fields": {"user_agent": "Mozilla/5.0 (X11; Linux x86_64) AppleWebKit/537.36 (KHTML, like Gecko) Chrome/138.0.0.0 Safari/537.36", "ip_address": "127.0.0.1", "username": "quaderone@pm.me", "http_accept": "text/html,application/xhtml+xml,application/xml;q=0.9,image/avif,image/webp,image/apng,*/*;q=0.8", "path_info": "/accounts/login/", "attempt_time": "2025-09-08T23:10:06.323Z", "logout_time": "2025-09-08T23:10:21.719Z", "session_hash": "56f4673e80d68b74fd8bca45ef03d6b6ef1fc5bea9849825d380e4004e038c80"}}, {"model": "axes.accesslog", "pk": 127, "fields": {"user_agent": "Mozilla/5.0 (X11; Linux x86_64) AppleWebKit/537.36 (KHTML, like Gecko) Chrome/138.0.0.0 Safari/537.36", "ip_address": "127.0.0.1", "username": "quaderone@pm.me", "http_accept": "text/html,application/xhtml+xml,application/xml;q=0.9,image/avif,image/webp,image/apng,*/*;q=0.8", "path_info": "/accounts/login/", "attempt_time": "2025-09-08T23:10:25.951Z", "logout_time": null, "session_hash": "a75e71e0b41afe3b20d905b48d51aeafd872065025ffb5ee554b324b407d72b0"}}, {"model": "axes.accesslog", "pk": 128, "fields": {"user_agent": "Mozilla/5.0 (X11; Linux x86_64) AppleWebKit/537.36 (KHTML, like Gecko) Chrome/138.0.0.0 Safari/537.36", "ip_address": "127.0.0.1", "username": "quaderone@pm.me", "http_accept": "text/html,application/xhtml+xml,application/xml;q=0.9,image/avif,image/webp,image/apng,*/*;q=0.8", "path_info": "/accounts/login/", "attempt_time": "2025-09-08T23:10:57.638Z", "logout_time": null, "session_hash": "c60924b6ac69c35d957747191e73e0e2e485aab72672ae55fdfe380b72636ba9"}}, {"model": "axes.accesslog", "pk": 129, "fields": {"user_agent": "Mozilla/5.0 (X11; Linux x86_64) AppleWebKit/537.36 (KHTML, like Gecko) Chrome/138.0.0.0 Safari/537.36", "ip_address": "127.0.0.1", "username": "admin@azgrills.com", "http_accept": "text/html,application/xhtml+xml,application/xml;q=0.9,image/avif,image/webp,image/apng,*/*;q=0.8", "path_info": "/securelogin/login/", "attempt_time": "2025-09-08T23:12:45.955Z", "logout_time": null, "session_hash": "36b81d53d1d0502b3a4390d681beda726f8f27ef7cbc5f8b51643a3dd6c97a3c"}}, {"model": "axes.accesslog", "pk": 130, "fields": {"user_agent": "Mozilla/5.0 (X11; Linux x86_64) AppleWebKit/537.36 (KHTML, like Gecko) Chrome/138.0.0.0 Safari/537.36", "ip_address": "127.0.0.1", "username": "admin@azgrills.com", "http_accept": "text/html,application/xhtml+xml,application/xml;q=0.9,image/avif,image/webp,image/apng,*/*;q=0.8", "path_info": "/securelogin/login/", "attempt_time": "2025-09-08T23:38:28.200Z", "logout_time": null, "session_hash": "cb737e18db9f0413892ec076974c05e038d55be48079b4ba24b3aa9263f1ba99"}}, {"model": "axes.accesslog", "pk": 131, "fields": {"user_agent": "Mozilla/5.0 (X11; Linux x86_64) AppleWebKit/537.36 (KHTML, like Gecko) Chrome/138.0.0.0 Safari/537.36", "ip_address": "127.0.0.1", "username": "admin@azgrills.com", "http_accept": "text/html,application/xhtml+xml,application/xml;q=0.9,image/avif,image/webp,image/apng,*/*;q=0.8", "path_info": "/securelogin/login/", "attempt_time": "2025-09-08T23:41:55.056Z", "logout_time": null, "session_hash": "48b5daeeaca0b3ac867bf95456e654615c2710740e7883d6f478fd5b91a8123a"}}, {"model": "axes.accesslog", "pk": 132, "fields": {"user_agent": "Mozilla/5.0 (X11; Linux x86_64) AppleWebKit/537.36 (KHTML, like Gecko) Chrome/138.0.0.0 Safari/537.36", "ip_address": "127.0.0.1", "username": "quaderone@pm.me", "http_accept": "text/html,application/xhtml+xml,application/xml;q=0.9,image/avif,image/webp,image/apng,*/*;q=0.8", "path_info": "/accounts/login/", "attempt_time": "2025-09-08T23:42:38.378Z", "logout_time": null, "session_hash": "31bd3237840135a8eee9de0f2a3bc41fa4f84eb72088d9cf958230c234ff1ba7"}}, {"model": "axes.accesslog", "pk": 133, "fields": {"user_agent": "Mozilla/5.0 (X11; Linux x86_64) AppleWebKit/537.36 (KHTML, like Gecko) Chrome/138.0.0.0 Safari/537.36", "ip_address": "127.0.0.1", "username": "admin@azgrills.com", "http_accept": "text/html,application/xhtml+xml,application/xml;q=0.9,image/avif,image/webp,image/apng,*/*;q=0.8", "path_info": "/securelogin/login/", "attempt_time": "2025-09-08T23:52:45.490Z", "logout_time": null, "session_hash": "88a076012461170b0ea30834e6f91aca29ca507672f73b4e60cb24966f4554af"}}, {"model": "axes.accesslog", "pk": 134, "fields": {"user_agent": "Mozilla/5.0 (X11; Linux x86_64) AppleWebKit/537.36 (KHTML, like Gecko) Chrome/138.0.0.0 Safari/537.36", "ip_address": "127.0.0.1", "username": "admin@azgrills.com", "http_accept": "text/html,application/xhtml+xml,application/xml;q=0.9,image/avif,image/webp,image/apng,*/*;q=0.8", "path_info": "/securelogin/login/", "attempt_time": "2025-09-08T23:58:48.607Z", "logout_time": null, "session_hash": "6202d21d8a7bcde6a86485b8a001e7d21ce3f8d75b346af82fcd7ed726f0c436"}}, {"model": "axes.accesslog", "pk": 135, "fields": {"user_agent": "Mozilla/5.0 (X11; Linux x86_64) AppleWebKit/537.36 (KHTML, like Gecko) Chrome/138.0.0.0 Safari/537.36", "ip_address": "127.0.0.1", "username": "admin@azgrills.com", "http_accept": "text/html,application/xhtml+xml,application/xml;q=0.9,image/avif,image/webp,image/apng,*/*;q=0.8", "path_info": "/securelogin/login/", "attempt_time": "2025-09-08T23:59:48.506Z", "logout_time": null, "session_hash": "5689a726f700c51576164db89f5b8fa1f480ef798b241ced9abd0d8ab4e77277"}}, {"model": "axes.accesslog", "pk": 136, "fields": {"user_agent": "Mozilla/5.0 (X11; Linux x86_64) AppleWebKit/537.36 (KHTML, like Gecko) Chrome/138.0.0.0 Safari/537.36", "ip_address": "127.0.0.1", "username": "admin@azgrills.com", "http_accept": "text/html,application/xhtml+xml,application/xml;q=0.9,image/avif,image/webp,image/apng,*/*;q=0.8", "path_info": "/securelogin/login/", "attempt_time": "2025-09-09T00:03:57.666Z", "logout_time": null, "session_hash": "3db0a8f3c77eda8a9e6d7811ed01f17a236ca7a65ef91e19140c38cfc751c672"}}, {"model": "axes.accesslog", "pk": 137, "fields": {"user_agent": "Mozilla/5.0 (X11; Linux x86_64) AppleWebKit/537.36 (KHTML, like Gecko) Chrome/138.0.0.0 Safari/537.36", "ip_address": "127.0.0.1", "username": "admin@azgrills.com", "http_accept": "text/html,application/xhtml+xml,application/xml;q=0.9,image/avif,image/webp,image/apng,*/*;q=0.8", "path_info": "/securelogin/login/", "attempt_time": "2025-09-09T00:08:18.780Z", "logout_time": null, "session_hash": "92e798c54ae6df0cf0b6dd60dccd33cfecc22c71820710c0d1e7aa07764e04c3"}}, {"model": "axes.accesslog", "pk": 138, "fields": {"user_agent": "Mozilla/5.0 (X11; Linux x86_64) AppleWebKit/537.36 (KHTML, like Gecko) Chrome/138.0.0.0 Safari/537.36", "ip_address": "127.0.0.1", "username": "admin@azgrills.com", "http_accept": "text/html,application/xhtml+xml,application/xml;q=0.9,image/avif,image/webp,image/apng,*/*;q=0.8", "path_info": "/securelogin/login/", "attempt_time": "2025-09-09T00:12:34.417Z", "logout_time": null, "session_hash": "f9181a2d2fc1d11956b8b471228d74d05670b7c94ab43e8462f87d0501a11e4b"}}, {"model": "axes.accesslog", "pk": 139, "fields": {"user_agent": "Mozilla/5.0 (X11; Linux x86_64) AppleWebKit/537.36 (KHTML, like Gecko) Chrome/138.0.0.0 Safari/537.36", "ip_address": "127.0.0.1", "username": "admin@azgrills.com", "http_accept": "text/html,application/xhtml+xml,application/xml;q=0.9,image/avif,image/webp,image/apng,*/*;q=0.8", "path_info": "/securelogin/loginlogin/", "attempt_time": "2025-09-09T00:14:29.365Z", "logout_time": null, "session_hash": "eb3d90a77ea899d8d218a2fbf7bdf131443e7ce94465c18bb677946056da48f6"}}, {"model": "axes.accesslog", "pk": 140, "fields": {"user_agent": "Mozilla/5.0 (X11; Linux x86_64) AppleWebKit/537.36 (KHTML, like Gecko) Chrome/138.0.0.0 Safari/537.36", "ip_address": "127.0.0.1", "username": "admin@azgrills.com", "http_accept": "text/html,application/xhtml+xml,application/xml;q=0.9,image/avif,image/webp,image/apng,*/*;q=0.8", "path_info": "/securelogin/login/", "attempt_time": "2025-09-09T00:15:30.312Z", "logout_time": null, "session_hash": "d7d1a00a157ee7b7bab79631e3259cdb623105c36e3d43c36f8a7c1f7ac26610"}}, {"model": "axes.accesslog", "pk": 141, "fields": {"user_agent": "Mozilla/5.0 (X11; Linux x86_64) AppleWebKit/537.36 (KHTML, like Gecko) Chrome/138.0.0.0 Safari/537.36", "ip_address": "127.0.0.1", "username": "admin@azgrills.com", "http_accept": "text/html,application/xhtml+xml,application/xml;q=0.9,image/avif,image/webp,image/apng,*/*;q=0.8", "path_info": "/securelogin/login/", "attempt_time": "2025-09-09T00:32:00.335Z", "logout_time": null, "session_hash": "461f5a014f63d1ad8081117767ecf07c87ed9f7710971a52b5e63a745254b48e"}}, {"model": "axes.accesslog", "pk": 142, "fields": {"user_agent": "Mozilla/5.0 (X11; Linux x86_64) AppleWebKit/537.36 (KHTML, like Gecko) Chrome/138.0.0.0 Safari/537.36", "ip_address": "127.0.0.1", "username": "admin@azgrills.com", "http_accept": "text/html,application/xhtml+xml,application/xml;q=0.9,image/avif,image/webp,image/apng,*/*;q=0.8", "path_info": "/securelogin/login/", "attempt_time": "2025-09-09T00:36:57.231Z", "logout_time": null, "session_hash": "91483ae8e89ab7f9c848131939195bb4dd669a39259c2b17aaf215cdd8b113b1"}}, {"model": "axes.accesslog", "pk": 143, "fields": {"user_agent": "Mozilla/5.0 (X11; Linux x86_64) AppleWebKit/537.36 (KHTML, like Gecko) Chrome/138.0.0.0 Safari/537.36", "ip_address": "127.0.0.1", "username": "admin@azgrills.com", "http_accept": "text/html,application/xhtml+xml,application/xml;q=0.9,image/avif,image/webp,image/apng,*/*;q=0.8", "path_info": "/securelogin/login/", "attempt_time": "2025-09-09T00:41:58.335Z", "logout_time": null, "session_hash": "04c60226519b3cfbfdc5c6e3b9bcd15d8ea168c765ca77318300f4ed45e4326c"}}, {"model": "axes.accesslog", "pk": 144, "fields": {"user_agent": "Mozilla/5.0 (X11; Linux x86_64) AppleWebKit/537.36 (KHTML, like Gecko) Chrome/138.0.0.0 Safari/537.36", "ip_address": "127.0.0.1", "username": "quaderone@pm.me", "http_accept": "text/html,application/xhtml+xml,application/xml;q=0.9,image/avif,image/webp,image/apng,*/*;q=0.8", "path_info": "/accounts/login/", "attempt_time": "2025-09-09T00:43:02.297Z", "logout_time": null, "session_hash": "8c71d41c3b44bef472a9963812f191f19797c46e851bc048d893c209746883b4"}}, {"model": "axes.accesslog", "pk": 145, "fields": {"user_agent": "Mozilla/5.0 (X11; Linux x86_64) AppleWebKit/537.36 (KHTML, like Gecko) Chrome/138.0.0.0 Safari/537.36", "ip_address": "127.0.0.1", "username": "admin@azgrills.com", "http_accept": "text/html,application/xhtml+xml,application/xml;q=0.9,image/avif,image/webp,image/apng,*/*;q=0.8", "path_info": "/securelogin/login/", "attempt_time": "2025-09-09T00:46:34.718Z", "logout_time": null, "session_hash": "ed1abd41c71518daac64c655df8c7368391e73f60285dba05bd85317154c5e93"}}, {"model": "axes.accesslog", "pk": 146, "fields": {"user_agent": "Mozilla/5.0 (X11; Linux x86_64) AppleWebKit/537.36 (KHTML, like Gecko) Chrome/138.0.0.0 Safari/537.36", "ip_address": "127.0.0.1", "username": "admin@azgrills.com", "http_accept": "text/html,application/xhtml+xml,application/xml;q=0.9,image/avif,image/webp,image/apng,*/*;q=0.8", "path_info": "/securelogin/login/", "attempt_time": "2025-09-09T00:55:29.714Z", "logout_time": null, "session_hash": "4dc025aeece21fb792f51c3782dd03d3f2251a70fccfa4f48ed445452a5181d7"}}, {"model": "axes.accesslog", "pk": 147, "fields": {"user_agent": "Mozilla/5.0 (X11; Linux x86_64) AppleWebKit/537.36 (KHTML, like Gecko) Chrome/138.0.0.0 Safari/537.36", "ip_address": "127.0.0.1", "username": "quaderone@pm.me", "http_accept": "text/html,application/xhtml+xml,application/xml;q=0.9,image/avif,image/webp,image/apng,*/*;q=0.8", "path_info": "/accounts/login/", "attempt_time": "2025-09-09T00:57:36.627Z", "logout_time": null, "session_hash": "f71bf6c87125447df1e55be50dd23860cba4df9a5293cabdbe0d32f136bfa74c"}}, {"model": "axes.accesslog", "pk": 148, "fields": {"user_agent": "Mozilla/5.0 (X11; Linux x86_64) AppleWebKit/537.36 (KHTML, like Gecko) Chrome/138.0.0.0 Safari/537.36", "ip_address": "127.0.0.1", "username": "admin@azgrills.com", "http_accept": "text/html,application/xhtml+xml,application/xml;q=0.9,image/avif,image/webp,image/apng,*/*;q=0.8", "path_info": "/securelogin/login/", "attempt_time": "2025-09-09T01:21:30.213Z", "logout_time": null, "session_hash": "5000dcba0f0bfbe1687e765811deba12edc6e0be18b6102cdc01ff309d18d175"}}, {"model": "axes.accesslog", "pk": 149, "fields": {"user_agent": "Mozilla/5.0 (X11; Linux x86_64) AppleWebKit/537.36 (KHTML, like Gecko) Chrome/138.0.0.0 Safari/537.36", "ip_address": "127.0.0.1", "username": "admin@azgrills.com", "http_accept": "text/html,application/xhtml+xml,application/xml;q=0.9,image/avif,image/webp,image/apng,*/*;q=0.8", "path_info": "/securelogin/login/", "attempt_time": "2025-09-09T01:22:06.035Z", "logout_time": null, "session_hash": "21e99f12f79f687853cd42c917211b079bef420aa3750f5c69a54c08aff081e6"}}, {"model": "axes.accesslog", "pk": 150, "fields": {"user_agent": "Mozilla/5.0 (X11; Linux x86_64) AppleWebKit/537.36 (KHTML, like Gecko) Chrome/138.0.0.0 Safari/537.36", "ip_address": "127.0.0.1", "username": "admin@azgrills.com", "http_accept": "text/html,application/xhtml+xml,application/xml;q=0.9,image/avif,image/webp,image/apng,*/*;q=0.8", "path_info": "/securelogin/login/", "attempt_time": "2025-09-09T01:24:10.687Z", "logout_time": null, "session_hash": "f2929d6c7066519232900a8f0a81776c7b2a5bc3930627a43104aabf105b6faf"}}, {"model": "axes.accesslog", "pk": 151, "fields": {"user_agent": "Mozilla/5.0 (X11; Linux x86_64) AppleWebKit/537.36 (KHTML, like Gecko) Chrome/138.0.0.0 Safari/537.36", "ip_address": "127.0.0.1", "username": "admin@azgrills.com", "http_accept": "text/html,application/xhtml+xml,application/xml;q=0.9,image/avif,image/webp,image/apng,*/*;q=0.8", "path_info": "/securelogin/login/", "attempt_time": "2025-09-09T01:25:30.334Z", "logout_time": null, "session_hash": "40e2800c1cfc37d0c114f604364fe3bcfbeaa2bb9ba0c006ed5c3357b2d11f1e"}}, {"model": "axes.accesslog", "pk": 152, "fields": {"user_agent": "Mozilla/5.0 (X11; Linux x86_64) AppleWebKit/537.36 (KHTML, like Gecko) Chrome/138.0.0.0 Safari/537.36", "ip_address": "127.0.0.1", "username": "admin@azgrills.com", "http_accept": "text/html,application/xhtml+xml,application/xml;q=0.9,image/avif,image/webp,image/apng,*/*;q=0.8", "path_info": "/securelogin/login/", "attempt_time": "2025-09-09T01:27:21.989Z", "logout_time": null, "session_hash": "27423d2b1c2ef844480cb782638294cd30188a274b62432538a4f84830482d31"}}, {"model": "axes.accesslog", "pk": 153, "fields": {"user_agent": "Mozilla/5.0 (X11; Linux x86_64) AppleWebKit/537.36 (KHTML, like Gecko) Chrome/138.0.0.0 Safari/537.36", "ip_address": "127.0.0.1", "username": "admin@azgrills.com", "http_accept": "text/html,application/xhtml+xml,application/xml;q=0.9,image/avif,image/webp,image/apng,*/*;q=0.8", "path_info": "/securelogin/login/", "attempt_time": "2025-09-09T01:29:59.906Z", "logout_time": null, "session_hash": "53f0caca39da338c3fd40becef316ed9ccf3f8c85abcaebeb5db99b1cf3b303e"}}, {"model": "axes.accesslog", "pk": 154, "fields": {"user_agent": "Mozilla/5.0 (X11; Linux x86_64) AppleWebKit/537.36 (KHTML, like Gecko) Chrome/138.0.0.0 Safari/537.36", "ip_address": "127.0.0.1", "username": "quaderone@pm.me", "http_accept": "text/html,application/xhtml+xml,application/xml;q=0.9,image/avif,image/webp,image/apng,*/*;q=0.8", "path_info": "/accounts/login/", "attempt_time": "2025-09-09T21:10:28.265Z", "logout_time": "2025-09-09T21:10:36.318Z", "session_hash": "932253499de1e0eb91c772e13b3840fb61125427af74613f48bd92126fe9f4b0"}}, {"model": "axes.accesslog", "pk": 155, "fields": {"user_agent": "Mozilla/5.0 (X11; Linux x86_64) AppleWebKit/537.36 (KHTML, like Gecko) Chrome/138.0.0.0 Safari/537.36", "ip_address": "127.0.0.1", "username": "quaderone@pm.me", "http_accept": "text/html,application/xhtml+xml,application/xml;q=0.9,image/avif,image/webp,image/apng,*/*;q=0.8", "path_info": "/accounts/login/", "attempt_time": "2025-09-09T21:10:56.197Z", "logout_time": "2025-09-09T21:11:01.805Z", "session_hash": "de998f1b3b669f9cd7d31c45cf139233cd8113bf6c00a3ef07de18ed9094e300"}}, {"model": "axes.accesslog", "pk": 156, "fields": {"user_agent": "Mozilla/5.0 (X11; Linux x86_64) AppleWebKit/537.36 (KHTML, like Gecko) Chrome/138.0.0.0 Safari/537.36", "ip_address": "127.0.0.1", "username": "admin@azgrills.com", "http_accept": "text/html,application/xhtml+xml,application/xml;q=0.9,image/avif,image/webp,image/apng,*/*;q=0.8", "path_info": "/securelogin/login/", "attempt_time": "2025-09-09T21:13:08.676Z", "logout_time": null, "session_hash": "4aea6fd91b03abe234adb96905076e630eeb0d94677fe89ac297f294b6644097"}}, {"model": "axes.accesslog", "pk": 157, "fields": {"user_agent": "Mozilla/5.0 (X11; Linux x86_64) AppleWebKit/537.36 (KHTML, like Gecko) Chrome/138.0.0.0 Safari/537.36", "ip_address": "127.0.0.1", "username": "admin@azgrills.com", "http_accept": "text/html,application/xhtml+xml,application/xml;q=0.9,image/avif,image/webp,image/apng,*/*;q=0.8", "path_info": "/securelogin/login/", "attempt_time": "2025-09-09T21:14:34.549Z", "logout_time": null, "session_hash": "2eed84849fc4485f010d1bffc5612190626b9d328e8f07b2ef532eafd214d79d"}}, {"model": "axes.accesslog", "pk": 158, "fields": {"user_agent": "Mozilla/5.0 (X11; Linux x86_64) AppleWebKit/537.36 (KHTML, like Gecko) Chrome/138.0.0.0 Safari/537.36", "ip_address": "127.0.0.1", "username": "admin@azgrills.com", "http_accept": "text/html,application/xhtml+xml,application/xml;q=0.9,image/avif,image/webp,image/apng,*/*;q=0.8", "path_info": "/securelogin/login/", "attempt_time": "2025-09-09T21:19:23.718Z", "logout_time": null, "session_hash": "98cf1abd2269076b92e4bc82052cd9b3646b0e797eaebe2435156404e5190fc5"}}, {"model": "axes.accesslog", "pk": 159, "fields": {"user_agent": "Mozilla/5.0 (X11; Linux x86_64) AppleWebKit/537.36 (KHTML, like Gecko) Chrome/138.0.0.0 Safari/537.36", "ip_address": "127.0.0.1", "username": "admin@azgrills.com", "http_accept": "text/html,application/xhtml+xml,application/xml;q=0.9,image/avif,image/webp,image/apng,*/*;q=0.8", "path_info": "/securelogin/login/", "attempt_time": "2025-09-09T22:18:26.190Z", "logout_time": null, "session_hash": "95e3061b20c21399768db3aa91cf55632ec2759d431a7127bd3fa110b236e06a"}}, {"model": "axes.accesslog", "pk": 160, "fields": {"user_agent": "Mozilla/5.0 (X11; Linux x86_64) AppleWebKit/537.36 (KHTML, like Gecko) Chrome/138.0.0.0 Safari/537.36", "ip_address": "127.0.0.1", "username": "admin@azgrills.com", "http_accept": "text/html,application/xhtml+xml,application/xml;q=0.9,image/avif,image/webp,image/apng,*/*;q=0.8", "path_info": "/securelogin/login/", "attempt_time": "2025-09-09T22:19:17.478Z", "logout_time": null, "session_hash": "21c438b661a762a0e1585c92442169ca15e08a0e02ee010bf60e2220e9769e0b"}}, {"model": "axes.accesslog", "pk": 161, "fields": {"user_agent": "Mozilla/5.0 (X11; Linux x86_64) AppleWebKit/537.36 (KHTML, like Gecko) Chrome/138.0.0.0 Safari/537.36", "ip_address": "127.0.0.1", "username": "admin@azgrills.com", "http_accept": "text/html,application/xhtml+xml,application/xml;q=0.9,image/avif,image/webp,image/apng,*/*;q=0.8", "path_info": "/securelogin/login/", "attempt_time": "2025-09-09T22:21:33.686Z", "logout_time": null, "session_hash": "80aa52b926b61a692f5f75e330706d376f0d34d111f66655108f71d8721fa875"}}, {"model": "axes.accesslog", "pk": 162, "fields": {"user_agent": "Mozilla/5.0 (X11; Linux x86_64) AppleWebKit/537.36 (KHTML, like Gecko) Chrome/139.0.0.0 Safari/537.36", "ip_address": "127.0.0.1", "username": "quaderone@pm.me", "http_accept": "text/html,application/xhtml+xml,application/xml;q=0.9,image/avif,image/webp,image/apng,*/*;q=0.8", "path_info": "/accounts/login/", "attempt_time": "2025-09-10T20:00:17.733Z", "logout_time": null, "session_hash": "05acb01a1916ae309611ddc463d688348eb439a70d2845ee163aa40874814810"}}, {"model": "axes.accesslog", "pk": 163, "fields": {"user_agent": "Mozilla/5.0 (X11; Linux x86_64) AppleWebKit/537.36 (KHTML, like Gecko) Chrome/139.0.0.0 Safari/537.36", "ip_address": "127.0.0.1", "username": "quaderone@pm.me", "http_accept": "text/html,application/xhtml+xml,application/xml;q=0.9,image/avif,image/webp,image/apng,*/*;q=0.8", "path_info": "/accounts/login/", "attempt_time": "2025-09-10T20:01:00.500Z", "logout_time": null, "session_hash": "154c93d33036a899001973df0bbd68728aeba88a48147d7c6993812cd1d9d79f"}}, {"model": "axes.accesslog", "pk": 164, "fields": {"user_agent": "Mozilla/5.0 (X11; Linux x86_64) AppleWebKit/537.36 (KHTML, like Gecko) Chrome/139.0.0.0 Safari/537.36", "ip_address": "127.0.0.1", "username": "quaderone@pm.me", "http_accept": "text/html,application/xhtml+xml,application/xml;q=0.9,image/avif,image/webp,image/apng,*/*;q=0.8", "path_info": "/accounts/login/", "attempt_time": "2025-09-10T20:01:55.606Z", "logout_time": null, "session_hash": "1e1dffcef093b74e1d91606897b2973d761a90ba63eabfadcf6a8f0d6c36101f"}}, {"model": "axes.accesslog", "pk": 165, "fields": {"user_agent": "Mozilla/5.0 (X11; Linux x86_64) AppleWebKit/537.36 (KHTML, like Gecko) Chrome/139.0.0.0 Safari/537.36", "ip_address": "127.0.0.1", "username": "admin@azgrills.com", "http_accept": "text/html,application/xhtml+xml,application/xml;q=0.9,image/avif,image/webp,image/apng,*/*;q=0.8", "path_info": "/securelogin/login/", "attempt_time": "2025-09-10T20:03:20.252Z", "logout_time": null, "session_hash": "c44d3f014e5c9bb3e54cb98a28ebb5bdc2a1ef4b47159c82cb9dec4256403795"}}, {"model": "axes.accesslog", "pk": 166, "fields": {"user_agent": "Mozilla/5.0 (X11; Linux x86_64) AppleWebKit/537.36 (KHTML, like Gecko) Chrome/139.0.0.0 Safari/537.36", "ip_address": "127.0.0.1", "username": "admin@azgrills.com", "http_accept": "text/html,application/xhtml+xml,application/xml;q=0.9,image/avif,image/webp,image/apng,*/*;q=0.8", "path_info": "/securelogin/login/", "attempt_time": "2025-09-10T20:04:23.522Z", "logout_time": null, "session_hash": "aab1786335f6e8b3f6ddb73504e57d0c49cd670aa50c8da50220466de0877fa8"}}, {"model": "axes.accesslog", "pk": 167, "fields": {"user_agent": "Mozilla/5.0 (X11; Linux x86_64) AppleWebKit/537.36 (KHTML, like Gecko) Chrome/139.0.0.0 Safari/537.36", "ip_address": "127.0.0.1", "username": "admin@azgrills.com", "http_accept": "text/html,application/xhtml+xml,application/xml;q=0.9,image/avif,image/webp,image/apng,*/*;q=0.8", "path_info": "/securelogin/login/", "attempt_time": "2025-09-10T20:08:25.191Z", "logout_time": null, "session_hash": "6437e08ac0ba18d47d1b776dbad20b00624d40cdc5345965c3a0cdcfbc0d990c"}}, {"model": "axes.accesslog", "pk": 168, "fields": {"user_agent": "Mozilla/5.0 (X11; Linux x86_64) AppleWebKit/537.36 (KHTML, like Gecko) Chrome/139.0.0.0 Safari/537.36", "ip_address": "127.0.0.1", "username": "admin@azgrills.com", "http_accept": "text/html,application/xhtml+xml,application/xml;q=0.9,image/avif,image/webp,image/apng,*/*;q=0.8", "path_info": "/securelogin/login/", "attempt_time": "2025-09-10T20:10:10.445Z", "logout_time": null, "session_hash": "b371aec4af795650212f24c98e097906a17f24eff84b4ef87700388cd47df9b4"}}, {"model": "axes.accesslog", "pk": 169, "fields": {"user_agent": "Mozilla/5.0 (X11; Linux x86_64) AppleWebKit/537.36 (KHTML, like Gecko) Chrome/139.0.0.0 Safari/537.36", "ip_address": "127.0.0.1", "username": "admin@azgrills.com", "http_accept": "text/html,application/xhtml+xml,application/xml;q=0.9,image/avif,image/webp,image/apng,*/*;q=0.8", "path_info": "/securelogin/login/", "attempt_time": "2025-09-10T20:27:13.498Z", "logout_time": null, "session_hash": "35650a9392ef6bfc736e9001d098cd38c9ee728e89308dc606ef3de6964ce3b7"}}, {"model": "axes.accesslog", "pk": 170, "fields": {"user_agent": "Mozilla/5.0 (X11; Linux x86_64) AppleWebKit/537.36 (KHTML, like Gecko) Chrome/139.0.0.0 Safari/537.36", "ip_address": "127.0.0.1", "username": "admin@azgrills.com", "http_accept": "text/html,application/xhtml+xml,application/xml;q=0.9,image/avif,image/webp,image/apng,*/*;q=0.8", "path_info": "/securelogin/login/", "attempt_time": "2025-09-10T20:28:05.247Z", "logout_time": null, "session_hash": "f64c2d4c665193a25157d818835e4cd3f585405844ff603ea39afa6c7e862024"}}, {"model": "axes.accesslog", "pk": 171, "fields": {"user_agent": "Mozilla/5.0 (X11; Linux x86_64) AppleWebKit/537.36 (KHTML, like Gecko) Chrome/139.0.0.0 Safari/537.36", "ip_address": "127.0.0.1", "username": "admin@azgrills.com", "http_accept": "text/html,application/xhtml+xml,application/xml;q=0.9,image/avif,image/webp,image/apng,*/*;q=0.8", "path_info": "/securelogin/login/", "attempt_time": "2025-09-10T20:56:12.470Z", "logout_time": null, "session_hash": "45dae862b2de22e47d8e58b989dc5adf28583f7ca558330c169984fe9c09cbcd"}}, {"model": "axes.accesslog", "pk": 172, "fields": {"user_agent": "Mozilla/5.0 (X11; Linux x86_64) AppleWebKit/537.36 (KHTML, like Gecko) Chrome/139.0.0.0 Safari/537.36", "ip_address": "127.0.0.1", "username": "admin@azgrills.com", "http_accept": "text/html,application/xhtml+xml,application/xml;q=0.9,image/avif,image/webp,image/apng,*/*;q=0.8", "path_info": "/securelogin/login/", "attempt_time": "2025-09-10T20:56:57.154Z", "logout_time": null, "session_hash": "fd3d1d7ae332f0a6b5c9c17e534cc74e4dd2e62c87f0c65d518d1a0dc30d3750"}}, {"model": "axes.accesslog", "pk": 173, "fields": {"user_agent": "Mozilla/5.0 (X11; Linux x86_64) AppleWebKit/537.36 (KHTML, like Gecko) Chrome/139.0.0.0 Safari/537.36", "ip_address": "127.0.0.1", "username": "quaderone@pm.me", "http_accept": "text/html,application/xhtml+xml,application/xml;q=0.9,image/avif,image/webp,image/apng,*/*;q=0.8", "path_info": "/accounts/login/", "attempt_time": "2025-09-10T20:57:15.059Z", "logout_time": null, "session_hash": "6b0d0ce47725122ebe507877e84679016505ba4c7b27d9d2418b135d13d69713"}}, {"model": "axes.accesslog", "pk": 174, "fields": {"user_agent": "Mozilla/5.0 (X11; Linux x86_64) AppleWebKit/537.36 (KHTML, like Gecko) Chrome/139.0.0.0 Safari/537.36", "ip_address": "127.0.0.1", "username": "quaderone@pm.me", "http_accept": "text/html,application/xhtml+xml,application/xml;q=0.9,image/avif,image/webp,image/apng,*/*;q=0.8", "path_info": "/accounts/login/", "attempt_time": "2025-09-10T20:58:04.865Z", "logout_time": null, "session_hash": "03744459d22d37bc9264d666a82ddfba8f2612f09db28958ad1aa7ffa6749948"}}, {"model": "axes.accesslog", "pk": 175, "fields": {"user_agent": "Mozilla/5.0 (X11; Linux x86_64) AppleWebKit/537.36 (KHTML, like Gecko) Chrome/139.0.0.0 Safari/537.36", "ip_address": "127.0.0.1", "username": "admin@azgrills.com", "http_accept": "text/html,application/xhtml+xml,application/xml;q=0.9,image/avif,image/webp,image/apng,*/*;q=0.8", "path_info": "/accounts/login/", "attempt_time": "2025-09-10T23:25:42.851Z", "logout_time": null, "session_hash": "b3ba2c1d951cc672fb8c69bd485f504703edaa23f4dbdf7f38d1bd63c5bae2b8"}}, {"model": "axes.accesslog", "pk": 176, "fields": {"user_agent": "Mozilla/5.0 (X11; Linux x86_64) AppleWebKit/537.36 (KHTML, like Gecko) Chrome/139.0.0.0 Safari/537.36", "ip_address": "127.0.0.1", "username": "admin@azgrills.com", "http_accept": "text/html,application/xhtml+xml,application/xml;q=0.9,image/avif,image/webp,image/apng,*/*;q=0.8", "path_info": "/securelogin/login/", "attempt_time": "2025-09-10T23:26:47.505Z", "logout_time": null, "session_hash": "3fb70bffc7b55d1190f4a70f468634f3c5ce6cc9a7a24a8aa0ac5f9cc0cceab4"}}, {"model": "axes.accesslog", "pk": 177, "fields": {"user_agent": "Mozilla/5.0 (X11; Linux x86_64) AppleWebKit/537.36 (KHTML, like Gecko) Chrome/139.0.0.0 Safari/537.36", "ip_address": "127.0.0.1", "username": "admin@azgrills.com", "http_accept": "text/html,application/xhtml+xml,application/xml;q=0.9,image/avif,image/webp,image/apng,*/*;q=0.8", "path_info": "/securelogin/login/", "attempt_time": "2025-09-10T23:27:31.766Z", "logout_time": null, "session_hash": "12089d8929b74b6cb2d4cd566304ff7e4dc70da3e12ad214fc416954cfc6bcba"}}, {"model": "axes.accesslog", "pk": 178, "fields": {"user_agent": "Mozilla/5.0 (X11; Linux x86_64) AppleWebKit/537.36 (KHTML, like Gecko) Chrome/139.0.0.0 Safari/537.36", "ip_address": "127.0.0.1", "username": "quaderone@pm.me", "http_accept": "text/html,application/xhtml+xml,application/xml;q=0.9,image/avif,image/webp,image/apng,*/*;q=0.8", "path_info": "/accounts/login/", "attempt_time": "2025-09-10T23:27:43.698Z", "logout_time": null, "session_hash": "483dc3f5a2951a3818f5181edb0a2fd575054daf310679e334ba55444cc5c6b9"}}, {"model": "axes.accesslog", "pk": 179, "fields": {"user_agent": "Mozilla/5.0 (X11; Linux x86_64) AppleWebKit/537.36 (KHTML, like Gecko) Chrome/139.0.0.0 Safari/537.36", "ip_address": "127.0.0.1", "username": "admin@azgrills.com", "http_accept": "text/html,application/xhtml+xml,application/xml;q=0.9,image/avif,image/webp,image/apng,*/*;q=0.8", "path_info": "/securelogin/login/", "attempt_time": "2025-09-11T16:45:20.084Z", "logout_time": null, "session_hash": "f5c20fdb7d3535d3d74d7616dbe7188cb2a1e1596922da41faa9544f9f266037"}}, {"model": "axes.accesslog", "pk": 180, "fields": {"user_agent": "Mozilla/5.0 (X11; Linux x86_64) AppleWebKit/537.36 (KHTML, like Gecko) Chrome/139.0.0.0 Safari/537.36", "ip_address": "127.0.0.1", "username": "admin@azgrills.com", "http_accept": "text/html,application/xhtml+xml,application/xml;q=0.9,image/avif,image/webp,image/apng,*/*;q=0.8", "path_info": "/securelogin/login/", "attempt_time": "2025-09-11T23:55:29.133Z", "logout_time": null, "session_hash": "af29107589700e56c40852a4ad25f6e92fb1ed041d56b8989ff5daefb915b1ea"}}, {"model": "axes.accesslog", "pk": 181, "fields": {"user_agent": "Mozilla/5.0 (X11; Linux x86_64) AppleWebKit/537.36 (KHTML, like Gecko) Chrome/139.0.0.0 Safari/537.36", "ip_address": "127.0.0.1", "username": "quaderone@pm.me", "http_accept": "text/html,application/xhtml+xml,application/xml;q=0.9,image/avif,image/webp,image/apng,*/*;q=0.8", "path_info": "/accounts/login/", "attempt_time": "2025-09-11T23:59:52.153Z", "logout_time": null, "session_hash": "376fe8a5ed3ff239d73e1575f9c6bd3c10dd62b42f94b4a10179ed30f5d44945"}}, {"model": "axes.accesslog", "pk": 182, "fields": {"user_agent": "Mozilla/5.0 (X11; Linux x86_64) AppleWebKit/537.36 (KHTML, like Gecko) Chrome/139.0.0.0 Safari/537.36", "ip_address": "127.0.0.1", "username": "quaderone@pm.me", "http_accept": "text/html,application/xhtml+xml,application/xml;q=0.9,image/avif,image/webp,image/apng,*/*;q=0.8", "path_info": "/accounts/login/", "attempt_time": "2025-09-12T17:04:01.665Z", "logout_time": "2025-09-12T18:39:20.963Z", "session_hash": "9df7f89f3b85116674adc37a9a33e805e37548809d49832439fa53acacd0fc38"}}, {"model": "axes.accesslog", "pk": 183, "fields": {"user_agent": "Mozilla/5.0 (X11; Linux x86_64) AppleWebKit/537.36 (KHTML, like Gecko) Chrome/139.0.0.0 Safari/537.36", "ip_address": "127.0.0.1", "username": "admin@azgrills.com", "http_accept": "text/html,application/xhtml+xml,application/xml;q=0.9,image/avif,image/webp,image/apng,*/*;q=0.8", "path_info": "/securelogin/login/", "attempt_time": "2025-09-12T18:09:42.542Z", "logout_time": null, "session_hash": "8bf1d2b9f81486529e53dc429ed00108305b6990ba02eb8ffb9da57a773954c0"}}, {"model": "axes.accesslog", "pk": 184, "fields": {"user_agent": "Mozilla/5.0 (X11; Linux x86_64) AppleWebKit/537.36 (KHTML, like Gecko) Chrome/139.0.0.0 Safari/537.36", "ip_address": "127.0.0.1", "username": "moses@moses.com", "http_accept": "text/html,application/xhtml+xml,application/xml;q=0.9,image/avif,image/webp,image/apng,*/*;q=0.8", "path_info": "/accounts/login/", "attempt_time": "2025-09-12T18:39:26.126Z", "logout_time": null, "session_hash": "ea364008e56498bee8c8fa5b36b2ed05a71f88e385f59dbd19e32900a6ed8b90"}}, {"model": "axes.accesslog", "pk": 185, "fields": {"user_agent": "Mozilla/5.0 (X11; Linux x86_64) AppleWebKit/537.36 (KHTML, like Gecko) Chrome/139.0.0.0 Safari/537.36", "ip_address": "127.0.0.1", "username": "fredhnt@pm.me", "http_accept": "text/html,application/xhtml+xml,application/xml;q=0.9,image/avif,image/webp,image/apng,*/*;q=0.8", "path_info": "/accounts/login/", "attempt_time": "2025-09-12T18:39:40.565Z", "logout_time": null, "session_hash": "96b1b49d0e8b07f8050bb429f7dd87ee0bf0e848a202650460c2f5dc2be2397e"}}, {"model": "axes.accesslog", "pk": 186, "fields": {"user_agent": "Mozilla/5.0 (X11; Linux x86_64) AppleWebKit/537.36 (KHTML, like Gecko) Chrome/139.0.0.0 Safari/537.36", "ip_address": "127.0.0.1", "username": "quaderone@pm.me", "http_accept": "text/html,application/xhtml+xml,application/xml;q=0.9,image/avif,image/webp,image/apng,*/*;q=0.8", "path_info": "/accounts/login/", "attempt_time": "2025-09-12T18:39:51.795Z", "logout_time": null, "session_hash": "37e4c22eb9ba59c2b4ae65dfc4de642f6203e38bbb3f43ff5343c772481568a2"}}, {"model": "axes.accesslog", "pk": 187, "fields": {"user_agent": "Mozilla/5.0 (X11; Linux x86_64) AppleWebKit/537.36 (KHTML, like Gecko) Chrome/139.0.0.0 Safari/537.36", "ip_address": "127.0.0.1", "username": "quaderone@pm.me", "http_accept": "text/html,application/xhtml+xml,application/xml;q=0.9,image/avif,image/webp,image/apng,*/*;q=0.8", "path_info": "/accounts/login/", "attempt_time": "2025-09-12T18:40:07.680Z", "logout_time": null, "session_hash": "37e4c22eb9ba59c2b4ae65dfc4de642f6203e38bbb3f43ff5343c772481568a2"}}, {"model": "axes.accesslog", "pk": 188, "fields": {"user_agent": "Mozilla/5.0 (X11; Linux x86_64) AppleWebKit/537.36 (KHTML, like Gecko) Chrome/139.0.0.0 Safari/537.36", "ip_address": "127.0.0.1", "username": "fredhnt@pm.me", "http_accept": "text/html,application/xhtml+xml,application/xml;q=0.9,image/avif,image/webp,image/apng,*/*;q=0.8", "path_info": "/accounts/login/", "attempt_time": "2025-09-12T18:40:29.640Z", "logout_time": null, "session_hash": "db4cfbf0f5994d17bd01ca8e48bd9a237e1bde49be7d85ad0d663265c39d34ad"}}, {"model": "axes.accesslog", "pk": 189, "fields": {"user_agent": "Mozilla/5.0 (X11; Linux x86_64) AppleWebKit/537.36 (KHTML, like Gecko) Chrome/139.0.0.0 Safari/537.36", "ip_address": "127.0.0.1", "username": "fredhnt@pm.me", "http_accept": "text/html,application/xhtml+xml,application/xml;q=0.9,image/avif,image/webp,image/apng,*/*;q=0.8", "path_info": "/accounts/login/", "attempt_time": "2025-09-12T18:41:11.631Z", "logout_time": null, "session_hash": "db4cfbf0f5994d17bd01ca8e48bd9a237e1bde49be7d85ad0d663265c39d34ad"}}, {"model": "axes.accesslog", "pk": 190, "fields": {"user_agent": "Mozilla/5.0 (X11; Linux x86_64) AppleWebKit/537.36 (KHTML, like Gecko) Chrome/139.0.0.0 Safari/537.36", "ip_address": "127.0.0.1", "username": "admin@azgrills.com", "http_accept": "text/html,application/xhtml+xml,application/xml;q=0.9,image/avif,image/webp,image/apng,*/*;q=0.8", "path_info": "/securelogin/login/", "attempt_time": "2025-09-12T22:36:54.128Z", "logout_time": null, "session_hash": "a0eaebcb9f1528e3310764e463cc3e1c9a5e6e84d19a11b1fbbe4e382903028c"}}, {"model": "axes.accesslog", "pk": 191, "fields": {"user_agent": "Mozilla/5.0 (X11; Linux x86_64) AppleWebKit/537.36 (KHTML, like Gecko) Chrome/139.0.0.0 Safari/537.36", "ip_address": "127.0.0.1", "username": "moses@moses.com", "http_accept": "text/html,application/xhtml+xml,application/xml;q=0.9,image/avif,image/webp,image/apng,*/*;q=0.8", "path_info": "/accounts/login/", "attempt_time": "2025-09-15T16:36:23.559Z", "logout_time": "2025-09-15T16:38:10.395Z", "session_hash": "8c5e13fe1442dedb3e684ed7b1971ebd966a866d6afc8570a9fe80d8453cd234"}}, {"model": "axes.accesslog", "pk": 192, "fields": {"user_agent": "Mozilla/5.0 (X11; Linux x86_64) AppleWebKit/537.36 (KHTML, like Gecko) Chrome/139.0.0.0 Safari/537.36", "ip_address": "127.0.0.1", "username": "admin@azgrills.com", "http_accept": "text/html,application/xhtml+xml,application/xml;q=0.9,image/avif,image/webp,image/apng,*/*;q=0.8", "path_info": "/securelogin/login/", "attempt_time": "2025-09-15T16:37:24.843Z", "logout_time": null, "session_hash": "0b579548f1e1374e67e630bc455cf6999d4ea0f8ceeedda5d4f3e5e609554988"}}, {"model": "axes.accesslog", "pk": 193, "fields": {"user_agent": "Mozilla/5.0 (X11; Linux x86_64) AppleWebKit/537.36 (KHTML, like Gecko) Chrome/139.0.0.0 Safari/537.36", "ip_address": "127.0.0.1", "username": "quaderone@pm.me", "http_accept": "text/html,application/xhtml+xml,application/xml;q=0.9,image/avif,image/webp,image/apng,*/*;q=0.8", "path_info": "/accounts/login/", "attempt_time": "2025-09-15T16:38:15.134Z", "logout_time": "2025-09-15T16:39:07.779Z", "session_hash": "a28f43b70179a3daef22b9db17940a89897aad0118c7997a3a2743586b9ff401"}}, {"model": "axes.accesslog", "pk": 194, "fields": {"user_agent": "Mozilla/5.0 (X11; Linux x86_64) AppleWebKit/537.36 (KHTML, like Gecko) Chrome/139.0.0.0 Safari/537.36", "ip_address": "127.0.0.1", "username": "quaderone@pm.me", "http_accept": "text/html,application/xhtml+xml,application/xml;q=0.9,image/avif,image/webp,image/apng,*/*;q=0.8", "path_info": "/accounts/login/", "attempt_time": "2025-09-15T16:38:26.213Z", "logout_time": "2025-09-15T16:39:07.779Z", "session_hash": "a28f43b70179a3daef22b9db17940a89897aad0118c7997a3a2743586b9ff401"}}, {"model": "axes.accesslog", "pk": 195, "fields": {"user_agent": "Mozilla/5.0 (X11; Linux x86_64) AppleWebKit/537.36 (KHTML, like Gecko) Chrome/139.0.0.0 Safari/537.36", "ip_address": "127.0.0.1", "username": "quaderone@pm.me", "http_accept": "text/html,application/xhtml+xml,application/xml;q=0.9,image/avif,image/webp,image/apng,*/*;q=0.8", "path_info": "/accounts/login/", "attempt_time": "2025-09-15T16:39:13.978Z", "logout_time": "2025-09-15T16:39:32.054Z", "session_hash": "7dc57c165b8db35a75118a1c996e9720695b57a59088d3c623b4230d53b0831c"}}, {"model": "axes.accesslog", "pk": 196, "fields": {"user_agent": "Mozilla/5.0 (X11; Linux x86_64) AppleWebKit/537.36 (KHTML, like Gecko) Chrome/139.0.0.0 Safari/537.36", "ip_address": "127.0.0.1", "username": "quaderone@pm.me", "http_accept": "text/html,application/xhtml+xml,application/xml;q=0.9,image/avif,image/webp,image/apng,*/*;q=0.8", "path_info": "/accounts/login/", "attempt_time": "2025-09-15T16:39:38.044Z", "logout_time": "2025-09-15T16:39:57.452Z", "session_hash": "376ffe54857a5069706a21a9b766a3a24fd08bdd8df69600eb868eae98f93c5f"}}, {"model": "axes.accesslog", "pk": 197, "fields": {"user_agent": "Mozilla/5.0 (X11; Linux x86_64) AppleWebKit/537.36 (KHTML, like Gecko) Chrome/139.0.0.0 Safari/537.36", "ip_address": "127.0.0.1", "username": "moses@moses.com", "http_accept": "text/html,application/xhtml+xml,application/xml;q=0.9,image/avif,image/webp,image/apng,*/*;q=0.8", "path_info": "/accounts/login/", "attempt_time": "2025-09-15T16:40:02.769Z", "logout_time": "2025-09-15T17:06:41.811Z", "session_hash": "f2f0efff3e8516ac9d0024a9189ae6cdb3b3b40a673c439a195ffac61cb60cc4"}}, {"model": "axes.accesslog", "pk": 198, "fields": {"user_agent": "Mozilla/5.0 (X11; Linux x86_64) AppleWebKit/537.36 (KHTML, like Gecko) Chrome/139.0.0.0 Safari/537.36", "ip_address": "127.0.0.1", "username": "moses@moses.com", "http_accept": "text/html,application/xhtml+xml,application/xml;q=0.9,image/avif,image/webp,image/apng,*/*;q=0.8", "path_info": "/accounts/login/", "attempt_time": "2025-09-15T17:08:22.933Z", "logout_time": "2025-09-15T17:19:44.676Z", "session_hash": "d2dd037edd54b23c4dc6241d3b12609c2cdb32ecf02fe037dfcfd00aba4dd3cf"}}, {"model": "axes.accesslog", "pk": 199, "fields": {"user_agent": "Mozilla/5.0 (X11; Linux x86_64) AppleWebKit/537.36 (KHTML, like Gecko) Chrome/139.0.0.0 Safari/537.36", "ip_address": "127.0.0.1", "username": "moses@moses.com", "http_accept": "text/html,application/xhtml+xml,application/xml;q=0.9,image/avif,image/webp,image/apng,*/*;q=0.8", "path_info": "/accounts/login/", "attempt_time": "2025-09-15T17:18:48.649Z", "logout_time": "2025-09-15T17:19:44.676Z", "session_hash": "d2dd037edd54b23c4dc6241d3b12609c2cdb32ecf02fe037dfcfd00aba4dd3cf"}}, {"model": "axes.accesslog", "pk": 200, "fields": {"user_agent": "Mozilla/5.0 (X11; Linux x86_64) AppleWebKit/537.36 (KHTML, like Gecko) Chrome/139.0.0.0 Safari/537.36", "ip_address": "127.0.0.1", "username": "moses@moses.com", "http_accept": "text/html,application/xhtml+xml,application/xml;q=0.9,image/avif,image/webp,image/apng,*/*;q=0.8", "path_info": "/accounts/login/", "attempt_time": "2025-09-15T17:19:48.937Z", "logout_time": "2025-09-15T17:20:22.707Z", "session_hash": "661007b4ead4e1282b4a6a3ed156ea4850719dde572ca42dfe5615ec5664d203"}}, {"model": "axes.accesslog", "pk": 201, "fields": {"user_agent": "Mozilla/5.0 (X11; Linux x86_64) AppleWebKit/537.36 (KHTML, like Gecko) Chrome/139.0.0.0 Safari/537.36", "ip_address": "127.0.0.1", "username": "moses@moses.com", "http_accept": "text/html,application/xhtml+xml,application/xml;q=0.9,image/avif,image/webp,image/apng,*/*;q=0.8", "path_info": "/accounts/login/", "attempt_time": "2025-09-15T17:20:29.327Z", "logout_time": "2025-09-15T17:21:23.618Z", "session_hash": "c51704a4f0b254d19d95b805c5aa5d43c74b2d05e189d2e4374f1d0341c106d2"}}, {"model": "axes.accesslog", "pk": 202, "fields": {"user_agent": "Mozilla/5.0 (X11; Linux x86_64) AppleWebKit/537.36 (KHTML, like Gecko) Chrome/139.0.0.0 Safari/537.36", "ip_address": "127.0.0.1", "username": "moses@moses.com", "http_accept": "text/html,application/xhtml+xml,application/xml;q=0.9,image/avif,image/webp,image/apng,*/*;q=0.8", "path_info": "/accounts/login/", "attempt_time": "2025-09-15T17:21:28.799Z", "logout_time": "2025-09-15T17:48:58.824Z", "session_hash": "d1b4270bc1d1517669c189aa9b99345587d69ac00bf2e280a4305bfd2b757b34"}}, {"model": "axes.accesslog", "pk": 203, "fields": {"user_agent": "Mozilla/5.0 (X11; Linux x86_64) AppleWebKit/537.36 (KHTML, like Gecko) Chrome/139.0.0.0 Safari/537.36", "ip_address": "127.0.0.1", "username": "quaderone@pm.me", "http_accept": "text/html,application/xhtml+xml,application/xml;q=0.9,image/avif,image/webp,image/apng,*/*;q=0.8", "path_info": "/accounts/login/", "attempt_time": "2025-09-15T17:49:04.732Z", "logout_time": null, "session_hash": "705397482f38588c2bc0776cb3788e335f8343f7fd17fc7677439e96f6ae357f"}}, {"model": "axes.accesslog", "pk": 204, "fields": {"user_agent": "Mozilla/5.0 (X11; Linux x86_64) AppleWebKit/537.36 (KHTML, like Gecko) Chrome/139.0.0.0 Safari/537.36", "ip_address": "127.0.0.1", "username": "moses@moses.com", "http_accept": "text/html,application/xhtml+xml,application/xml;q=0.9,image/avif,image/webp,image/apng,*/*;q=0.8", "path_info": "/accounts/login/", "attempt_time": "2025-09-16T20:20:08.633Z", "logout_time": "2025-09-16T21:42:03.071Z", "session_hash": "dcbc11b6113588255a3ec18f87d4881b6c251c64840e1a10b4c8797b2182cb91"}}, {"model": "axes.accesslog", "pk": 205, "fields": {"user_agent": "Mozilla/5.0 (X11; Linux x86_64) AppleWebKit/537.36 (KHTML, like Gecko) Chrome/139.0.0.0 Safari/537.36", "ip_address": "127.0.0.1", "username": "admin@azgrills.com", "http_accept": "text/html,application/xhtml+xml,application/xml;q=0.9,image/avif,image/webp,image/apng,*/*;q=0.8", "path_info": "/securelogin/login/", "attempt_time": "2025-09-16T20:33:04.857Z", "logout_time": null, "session_hash": "6858c4bd9d0ec0972bf00f4760422f3bde6ad4fe1414c614b95f0bfe6fac426d"}}, {"model": "axes.accesslog", "pk": 206, "fields": {"user_agent": "Mozilla/5.0 (X11; Linux x86_64) AppleWebKit/537.36 (KHTML, like Gecko) Chrome/139.0.0.0 Safari/537.36", "ip_address": "127.0.0.1", "username": "quaderone@pm.me", "http_accept": "text/html,application/xhtml+xml,application/xml;q=0.9,image/avif,image/webp,image/apng,*/*;q=0.8", "path_info": "/accounts/login/", "attempt_time": "2025-09-16T21:42:08.960Z", "logout_time": null, "session_hash": "e1b40e08289fea73aa2eca043ca0fda79a45022c38ca0bbc417f178926b7f49c"}}, {"model": "axes.accesslog", "pk": 207, "fields": {"user_agent": "Mozilla/5.0 (X11; Linux x86_64) AppleWebKit/537.36 (KHTML, like Gecko) Chrome/139.0.0.0 Safari/537.36", "ip_address": "127.0.0.1", "username": "admin@azgrills.com", "http_accept": "text/html,application/xhtml+xml,application/xml;q=0.9,image/avif,image/webp,image/apng,*/*;q=0.8", "path_info": "/securelogin/login/", "attempt_time": "2025-09-17T16:02:34.687Z", "logout_time": null, "session_hash": "c1ded1938daf85b3a5e81d8e514b9c0c87a95697119645cf452fb26f39e092b1"}}, {"model": "axes.accesslog", "pk": 208, "fields": {"user_agent": "Mozilla/5.0 (X11; Linux x86_64) AppleWebKit/537.36 (KHTML, like Gecko) Chrome/140.0.0.0 Safari/537.36", "ip_address": "127.0.0.1", "username": "quaderone@pm.me", "http_accept": "text/html,application/xhtml+xml,application/xml;q=0.9,image/avif,image/webp,image/apng,*/*;q=0.8", "path_info": "/accounts/login/", "attempt_time": "2025-09-17T21:47:00.787Z", "logout_time": null, "session_hash": "1019d3267571f2b342f45a978e0242a0cfd77a4d90db1d33acc55566a8c08901"}}, {"model": "axes.accesslog", "pk": 209, "fields": {"user_agent": "Mozilla/5.0 (X11; Linux x86_64) AppleWebKit/537.36 (KHTML, like Gecko) Chrome/140.0.0.0 Safari/537.36", "ip_address": "127.0.0.1", "username": "admin@azgrills.com", "http_accept": "text/html,application/xhtml+xml,application/xml;q=0.9,image/avif,image/webp,image/apng,*/*;q=0.8", "path_info": "/securelogin/login/", "attempt_time": "2025-09-20T22:25:11.973Z", "logout_time": null, "session_hash": "ca47706824275b0b22887e79aadbf9c736f55025c003dfdc47fe0fb62476cf60"}}, {"model": "axes.accesslog", "pk": 210, "fields": {"user_agent": "Mozilla/5.0 (X11; Linux x86_64) AppleWebKit/537.36 (KHTML, like Gecko) Chrome/140.0.0.0 Safari/537.36", "ip_address": "127.0.0.1", "username": "quaderone@pm.me", "http_accept": "text/html,application/xhtml+xml,application/xml;q=0.9,image/avif,image/webp,image/apng,*/*;q=0.8", "path_info": "/accounts/login/", "attempt_time": "2025-09-20T22:50:39.199Z", "logout_time": null, "session_hash": "d9b91913ff5bd19d0d717978f6989748ee71d6671c5226c2b9c6725ca2221704"}}, {"model": "axes.accesslog", "pk": 211, "fields": {"user_agent": "Mozilla/5.0 (X11; Linux x86_64) AppleWebKit/537.36 (KHTML, like Gecko) Chrome/140.0.0.0 Safari/537.36", "ip_address": "127.0.0.1", "username": "admin@azgrills.com", "http_accept": "text/html,application/xhtml+xml,application/xml;q=0.9,image/avif,image/webp,image/apng,*/*;q=0.8", "path_info": "/securelogin/login/", "attempt_time": "2025-09-21T21:44:54.403Z", "logout_time": null, "session_hash": "3655995be8a4f2e3e2026c65fd87f5d94de0a5e0aacc2917677a2c59d59e029c"}}, {"model": "axes.accesslog", "pk": 212, "fields": {"user_agent": "Mozilla/5.0 (X11; Linux x86_64) AppleWebKit/537.36 (KHTML, like Gecko) Chrome/140.0.0.0 Safari/537.36", "ip_address": "127.0.0.1", "username": "admin@azgrills.com", "http_accept": "text/html,application/xhtml+xml,application/xml;q=0.9,image/avif,image/webp,image/apng,*/*;q=0.8", "path_info": "/accounts/login/", "attempt_time": "2025-09-22T22:50:55.673Z", "logout_time": null, "session_hash": "ea011aff9431076ca0dc43521f9f695574211633a6edb09a24594b99cb4058ce"}}, {"model": "axes.accesslog", "pk": 213, "fields": {"user_agent": "Mozilla/5.0 (X11; Linux x86_64) AppleWebKit/537.36 (KHTML, like Gecko) Chrome/140.0.0.0 Safari/537.36", "ip_address": "127.0.0.1", "username": "quaderone@pm.me", "http_accept": "text/html,application/xhtml+xml,application/xml;q=0.9,image/avif,image/webp,image/apng,*/*;q=0.8", "path_info": "/accounts/login/", "attempt_time": "2025-09-22T23:00:24.337Z", "logout_time": null, "session_hash": "d005fa5b1b04a0915cab77960153f224782faea340e0ccaf6e48ff1d307433de"}}, {"model": "axes.accesslog", "pk": 214, "fields": {"user_agent": "Mozilla/5.0 (X11; Linux x86_64) AppleWebKit/537.36 (KHTML, like Gecko) Chrome/140.0.0.0 Safari/537.36", "ip_address": "127.0.0.1", "username": "quaderone@pm.me", "http_accept": "text/html,application/xhtml+xml,application/xml;q=0.9,image/avif,image/webp,image/apng,*/*;q=0.8", "path_info": "/accounts/login/", "attempt_time": "2025-09-25T21:58:54.885Z", "logout_time": null, "session_hash": "321dcadeb0095852ec714fa529db33af8fb88d8bd28b4bdba3565622d146177e"}}, {"model": "axes.accesslog", "pk": 215, "fields": {"user_agent": "Mozilla/5.0 (X11; Linux x86_64) AppleWebKit/537.36 (KHTML, like Gecko) Chrome/140.0.0.0 Safari/537.36", "ip_address": "127.0.0.1", "username": "admin@azgrills.com", "http_accept": "text/html,application/xhtml+xml,application/xml;q=0.9,image/avif,image/webp,image/apng,*/*;q=0.8", "path_info": "/securelogin/login/", "attempt_time": "2025-09-25T22:01:10.662Z", "logout_time": null, "session_hash": "52989ec72544ffc2eb1250f3a57871dd378947783960e9356a0ed107847ae58b"}}, {"model": "axes.accesslog", "pk": 216, "fields": {"user_agent": "Mozilla/5.0 (X11; Linux x86_64) AppleWebKit/537.36 (KHTML, like Gecko) Chrome/140.0.0.0 Safari/537.36", "ip_address": "127.0.0.1", "username": "admin@azgrills.com", "http_accept": "text/html,application/xhtml+xml,application/xml;q=0.9,image/avif,image/webp,image/apng,*/*;q=0.8", "path_info": "/securelogin/login/", "attempt_time": "2025-09-26T18:35:17.216Z", "logout_time": null, "session_hash": "e7899a981fc2c9c86217b6df9c5463e66d634a45d6622a8e4c88f253b53b125a"}}, {"model": "axes.accesslog", "pk": 217, "fields": {"user_agent": "Mozilla/5.0 (X11; Linux x86_64) AppleWebKit/537.36 (KHTML, like Gecko) Chrome/140.0.0.0 Safari/537.36", "ip_address": "127.0.0.1", "username": "quaderone@pm.me", "http_accept": "text/html,application/xhtml+xml,application/xml;q=0.9,image/avif,image/webp,image/apng,*/*;q=0.8", "path_info": "/accounts/login/", "attempt_time": "2025-09-26T20:48:24.204Z", "logout_time": null, "session_hash": "820216aab27564bd5fd8aec3313d65e35bf239079d317bf1e99d1768b812e95e"}}, {"model": "axes.accesslog", "pk": 218, "fields": {"user_agent": "Mozilla/5.0 (X11; Linux x86_64) AppleWebKit/537.36 (KHTML, like Gecko) Chrome/140.0.0.0 Safari/537.36", "ip_address": "127.0.0.1", "username": "admin@azgrills.com", "http_accept": "text/html,application/xhtml+xml,application/xml;q=0.9,image/avif,image/webp,image/apng,*/*;q=0.8", "path_info": "/securelogin/login/", "attempt_time": "2025-09-27T15:39:15.962Z", "logout_time": null, "session_hash": "41c311fc51575c2f2b78fcfe4e31913c25f6159df0a971439e3be88ffaefda04"}}, {"model": "axes.accesslog", "pk": 219, "fields": {"user_agent": "Mozilla/5.0 (X11; Linux x86_64) AppleWebKit/537.36 (KHTML, like Gecko) Chrome/140.0.0.0 Safari/537.36", "ip_address": "127.0.0.1", "username": "admin@azgrills.com", "http_accept": "text/html,application/xhtml+xml,application/xml;q=0.9,image/avif,image/webp,image/apng,*/*;q=0.8", "path_info": "/securelogin/login/", "attempt_time": "2025-09-28T13:33:10.368Z", "logout_time": null, "session_hash": "f04cfffd65224d0026b235b416a6dc74b3cc259c31bcbde18e3a8629961c85b2"}}, {"model": "axes.accesslog", "pk": 220, "fields": {"user_agent": "Mozilla/5.0 (X11; Linux x86_64) AppleWebKit/537.36 (KHTML, like Gecko) Chrome/140.0.0.0 Safari/537.36", "ip_address": "127.0.0.1", "username": "quaderone@pm.me", "http_accept": "text/html,application/xhtml+xml,application/xml;q=0.9,image/avif,image/webp,image/apng,*/*;q=0.8", "path_info": "/accounts/login/", "attempt_time": "2025-09-28T13:33:21.400Z", "logout_time": null, "session_hash": "b701f8d061f60f3ec6e1d8aba8078ae99ef11e8f5f51f1e5ae0fb2cd16da86d2"}}, {"model": "axes.accesslog", "pk": 221, "fields": {"user_agent": "Mozilla/5.0 (X11; Linux x86_64) AppleWebKit/537.36 (KHTML, like Gecko) Chrome/140.0.0.0 Safari/537.36", "ip_address": "127.0.0.1", "username": "quaderone@pm.me", "http_accept": "text/html,application/xhtml+xml,application/xml;q=0.9,image/avif,image/webp,image/apng,*/*;q=0.8", "path_info": "/accounts/login/", "attempt_time": "2025-09-29T21:43:38.428Z", "logout_time": null, "session_hash": "cc3421363d1874d448a04c89292926b71a859ad26c4b1af0c41af08cdae77058"}}, {"model": "axes.accesslog", "pk": 222, "fields": {"user_agent": "Mozilla/5.0 (X11; Linux x86_64) AppleWebKit/537.36 (KHTML, like Gecko) Chrome/140.0.0.0 Safari/537.36", "ip_address": "127.0.0.1", "username": "quaderone@pm.me", "http_accept": "text/html,application/xhtml+xml,application/xml;q=0.9,image/avif,image/webp,image/apng,*/*;q=0.8", "path_info": "/accounts/login/", "attempt_time": "2025-09-30T15:57:12.477Z", "logout_time": null, "session_hash": "df093baa09a08c3f1e10ca4d27b7b93139979837aa226ea09fd67173705dd7a1"}}, {"model": "axes.accesslog", "pk": 223, "fields": {"user_agent": "Mozilla/5.0 (X11; Linux x86_64) AppleWebKit/537.36 (KHTML, like Gecko) Chrome/140.0.0.0 Safari/537.36", "ip_address": "127.0.0.1", "username": "admin@azgrills.com", "http_accept": "text/html,application/xhtml+xml,application/xml;q=0.9,image/avif,image/webp,image/apng,*/*;q=0.8", "path_info": "/securelogin/login/", "attempt_time": "2025-09-30T15:57:25.392Z", "logout_time": null, "session_hash": "5f933381b24059e81a8f8b54ec050781b6e65c81172613f7974d9ade8e59ebe0"}}, {"model": "axes.accesslog", "pk": 224, "fields": {"user_agent": "Mozilla/5.0 (X11; Linux x86_64) AppleWebKit/537.36 (KHTML, like Gecko) Chrome/140.0.0.0 Safari/537.36", "ip_address": "127.0.0.1", "username": "quaderone@pm.me", "http_accept": "text/html,application/xhtml+xml,application/xml;q=0.9,image/avif,image/webp,image/apng,*/*;q=0.8", "path_info": "/accounts/login/", "attempt_time": "2025-09-30T18:57:42.763Z", "logout_time": null, "session_hash": "8becc8c3a1ad536e4506d18144928d551ef3139a73bcc378c88f68397a080d2c"}}, {"model": "axes.accesslog", "pk": 225, "fields": {"user_agent": "Mozilla/5.0 (X11; Linux x86_64) AppleWebKit/537.36 (KHTML, like Gecko) Chrome/140.0.0.0 Safari/537.36", "ip_address": "127.0.0.1", "username": "admin@azgrills.com", "http_accept": "text/html,application/xhtml+xml,application/xml;q=0.9,image/avif,image/webp,image/apng,*/*;q=0.8", "path_info": "/securelogin/login/", "attempt_time": "2025-09-30T19:04:00.922Z", "logout_time": null, "session_hash": "ff15c45c29672c7a684facaa31505a24a199071dcd04952a35f572ec089ee235"}}, {"model": "axes.accesslog", "pk": 226, "fields": {"user_agent": "Mozilla/5.0 (X11; Linux x86_64) AppleWebKit/537.36 (KHTML, like Gecko) Chrome/140.0.0.0 Safari/537.36", "ip_address": "127.0.0.1", "username": "quaderone@pm.me", "http_accept": "text/html,application/xhtml+xml,application/xml;q=0.9,image/avif,image/webp,image/apng,*/*;q=0.8", "path_info": "/accounts/login/", "attempt_time": "2025-10-01T17:39:02.361Z", "logout_time": null, "session_hash": "c2082e347197076329361fe07c1ef622e9679c5dbfa7a85e394ce5c969403613"}}, {"model": "axes.accesslog", "pk": 227, "fields": {"user_agent": "Mozilla/5.0 (X11; Linux x86_64) AppleWebKit/537.36 (KHTML, like Gecko) Chrome/140.0.0.0 Safari/537.36", "ip_address": "127.0.0.1", "username": "quaderone@pm.me", "http_accept": "text/html,application/xhtml+xml,application/xml;q=0.9,image/avif,image/webp,image/apng,*/*;q=0.8", "path_info": "/accounts/login/", "attempt_time": "2025-10-02T18:43:55.617Z", "logout_time": null, "session_hash": "b3888caa057a534e6ad601f1a16781242d9e449ed770cf8eed467fe17c0fd7e8"}}, {"model": "axes.accesslog", "pk": 228, "fields": {"user_agent": "Mozilla/5.0 (X11; Linux x86_64) AppleWebKit/537.36 (KHTML, like Gecko) Chrome/140.0.0.0 Safari/537.36", "ip_address": "127.0.0.1", "username": "quaderone@pm.me", "http_accept": "text/html,application/xhtml+xml,application/xml;q=0.9,image/avif,image/webp,image/apng,*/*;q=0.8", "path_info": "/accounts/login/", "attempt_time": "2025-10-03T16:12:37.802Z", "logout_time": null, "session_hash": "d40d265c3955fc7d98183f9e7be72f16fe60ca50c313103e61ab705c0132c23c"}}, {"model": "axes.accesslog", "pk": 229, "fields": {"user_agent": "Mozilla/5.0 (X11; Linux x86_64) AppleWebKit/537.36 (KHTML, like Gecko) Chrome/140.0.0.0 Safari/537.36", "ip_address": "127.0.0.1", "username": "admin@azgrills.com", "http_accept": "text/html,application/xhtml+xml,application/xml;q=0.9,image/avif,image/webp,image/apng,*/*;q=0.8", "path_info": "/securelogin/login/", "attempt_time": "2025-10-03T20:04:19.102Z", "logout_time": null, "session_hash": "5789749f5e12868652224d78b84b8e8dedac348cf0ebd6614f48a6ed58c73a58"}}, {"model": "axes.accesslog", "pk": 230, "fields": {"user_agent": "Mozilla/5.0 (X11; Linux x86_64) AppleWebKit/537.36 (KHTML, like Gecko) Chrome/140.0.0.0 Safari/537.36", "ip_address": "127.0.0.1", "username": "admin@azgrills.com", "http_accept": "text/html,application/xhtml+xml,application/xml;q=0.9,image/avif,image/webp,image/apng,*/*;q=0.8", "path_info": "/securelogin/login/", "attempt_time": "2025-10-04T17:11:12.254Z", "logout_time": null, "session_hash": "969391d0a677cb6d2656027fb7ffd22148b9f6358dd46b61a4444583213d1a3d"}}, {"model": "axes.accesslog", "pk": 231, "fields": {"user_agent": "Mozilla/5.0 (X11; Linux x86_64) AppleWebKit/537.36 (KHTML, like Gecko) Chrome/140.0.0.0 Safari/537.36", "ip_address": "127.0.0.1", "username": "admin@azgrills.com", "http_accept": "text/html,application/xhtml+xml,application/xml;q=0.9,image/avif,image/webp,image/apng,*/*;q=0.8", "path_info": "/securelogin/login/", "attempt_time": "2025-10-04T19:33:23.653Z", "logout_time": null, "session_hash": "46c660a1d1ef675968020a4d316425d5e80d28576be4ab07cbdd840cf07b9bb4"}}, {"model": "axes.accesslog", "pk": 232, "fields": {"user_agent": "Mozilla/5.0 (X11; Linux x86_64) AppleWebKit/537.36 (KHTML, like Gecko) Chrome/140.0.0.0 Safari/537.36", "ip_address": "127.0.0.1", "username": "quaderone@pm.me", "http_accept": "text/html,application/xhtml+xml,application/xml;q=0.9,image/avif,image/webp,image/apng,*/*;q=0.8", "path_info": "/accounts/login/", "attempt_time": "2025-10-04T19:33:36.447Z", "logout_time": null, "session_hash": "8d9695f93e5314d25c932c0fe2958f4494d02b85dec25ca4fc8373705f8e58d2"}}, {"model": "axes.accesslog", "pk": 233, "fields": {"user_agent": "Mozilla/5.0 (X11; Linux x86_64) AppleWebKit/537.36 (KHTML, like Gecko) Chrome/140.0.0.0 Safari/537.36", "ip_address": "127.0.0.1", "username": "admin@azgrills.com", "http_accept": "text/html,application/xhtml+xml,application/xml;q=0.9,image/avif,image/webp,image/apng,*/*;q=0.8", "path_info": "/securelogin/login/", "attempt_time": "2025-10-04T20:49:57.200Z", "logout_time": null, "session_hash": "c1c0e8ff66a7f5bf7521b33f64c4d32a8b75350c5686ffc2eacd2c5915457262"}}, {"model": "axes.accesslog", "pk": 234, "fields": {"user_agent": "Mozilla/5.0 (X11; Linux x86_64) AppleWebKit/537.36 (KHTML, like Gecko) Chrome/140.0.0.0 Safari/537.36", "ip_address": "127.0.0.1", "username": "admin@azgrills.com", "http_accept": "text/html,application/xhtml+xml,application/xml;q=0.9,image/avif,image/webp,image/apng,*/*;q=0.8", "path_info": "/accounts/login/", "attempt_time": "2025-10-05T00:03:32.215Z", "logout_time": null, "session_hash": "7b336a4c21003847fe107067351919747092ca120bc425a043e90cdd88ef9ce9"}}, {"model": "axes.accesslog", "pk": 235, "fields": {"user_agent": "Mozilla/5.0 (X11; Linux x86_64) AppleWebKit/537.36 (KHTML, like Gecko) Chrome/140.0.0.0 Safari/537.36", "ip_address": "127.0.0.1", "username": "admin@azgrills.com", "http_accept": "text/html,application/xhtml+xml,application/xml;q=0.9,image/avif,image/webp,image/apng,*/*;q=0.8", "path_info": "/securelogin/login/", "attempt_time": "2025-10-06T18:24:03.602Z", "logout_time": "2025-10-06T18:24:09.493Z", "session_hash": "1b521474c693da7bb74f280f1a8a7c21f74fb7811b1b4c1439e8a08a8c1827fa"}}, {"model": "axes.accesslog", "pk": 236, "fields": {"user_agent": "Mozilla/5.0 (X11; Linux x86_64) AppleWebKit/537.36 (KHTML, like Gecko) Chrome/140.0.0.0 Safari/537.36", "ip_address": "127.0.0.1", "username": "quaderone@pm.me", "http_accept": "text/html,application/xhtml+xml,application/xml;q=0.9,image/avif,image/webp,image/apng,*/*;q=0.8", "path_info": "/accounts/login/", "attempt_time": "2025-10-06T18:26:19.237Z", "logout_time": "2025-10-06T18:26:28.122Z", "session_hash": "2ecad3c07546b273fdfce52cb591b7e225f26418275c7b0cbe2f8cff092d79d1"}}, {"model": "axes.accesslog", "pk": 237, "fields": {"user_agent": "Mozilla/5.0 (X11; Linux x86_64) AppleWebKit/537.36 (KHTML, like Gecko) Chrome/140.0.0.0 Safari/537.36", "ip_address": "127.0.0.1", "username": "quaderone@pm.me", "http_accept": "text/html,application/xhtml+xml,application/xml;q=0.9,image/avif,image/webp,image/apng,*/*;q=0.8", "path_info": "/accounts/login/", "attempt_time": "2025-10-06T18:39:45.181Z", "logout_time": "2025-10-06T18:49:22.165Z", "session_hash": "24bc6c2a744a2603ce172667b7c7bf76ebf2213b259dad36f1e039032f3da48b"}}, {"model": "axes.accesslog", "pk": 238, "fields": {"user_agent": "Mozilla/5.0 (X11; Linux x86_64) AppleWebKit/537.36 (KHTML, like Gecko) Chrome/140.0.0.0 Safari/537.36", "ip_address": "127.0.0.1", "username": "quaderone@pm.me", "http_accept": "text/html,application/xhtml+xml,application/xml;q=0.9,image/avif,image/webp,image/apng,*/*;q=0.8", "path_info": "/accounts/login/", "attempt_time": "2025-10-06T18:43:53.085Z", "logout_time": "2025-10-06T18:49:22.165Z", "session_hash": "24bc6c2a744a2603ce172667b7c7bf76ebf2213b259dad36f1e039032f3da48b"}}, {"model": "axes.accesslog", "pk": 239, "fields": {"user_agent": "Mozilla/5.0 (X11; Linux x86_64) AppleWebKit/537.36 (KHTML, like Gecko) Chrome/140.0.0.0 Safari/537.36", "ip_address": "127.0.0.1", "username": "quaderone@pm.me", "http_accept": "text/html,application/xhtml+xml,application/xml;q=0.9,image/avif,image/webp,image/apng,*/*;q=0.8", "path_info": "/accounts/login/", "attempt_time": "2025-10-06T18:47:40.879Z", "logout_time": "2025-10-06T18:49:22.165Z", "session_hash": "24bc6c2a744a2603ce172667b7c7bf76ebf2213b259dad36f1e039032f3da48b"}}, {"model": "axes.accesslog", "pk": 240, "fields": {"user_agent": "Mozilla/5.0 (X11; Linux x86_64) AppleWebKit/537.36 (KHTML, like Gecko) Chrome/140.0.0.0 Safari/537.36", "ip_address": "127.0.0.1", "username": "quaderone@pm.me", "http_accept": "text/html,application/xhtml+xml,application/xml;q=0.9,image/avif,image/webp,image/apng,*/*;q=0.8", "path_info": "/accounts/login/", "attempt_time": "2025-10-06T18:49:27.230Z", "logout_time": "2025-10-06T19:02:34.178Z", "session_hash": "26bb4d0a8fca44fab15d52f1490bb51f0a58f0b545f53b0006528dfb272fdb48"}}, {"model": "axes.accesslog", "pk": 241, "fields": {"user_agent": "Mozilla/5.0 (X11; Linux x86_64) AppleWebKit/537.36 (KHTML, like Gecko) Chrome/140.0.0.0 Safari/537.36", "ip_address": "127.0.0.1", "username": "quaderone@pm.me", "http_accept": "text/html,application/xhtml+xml,application/xml;q=0.9,image/avif,image/webp,image/apng,*/*;q=0.8", "path_info": "/accounts/login/", "attempt_time": "2025-10-06T18:55:12.800Z", "logout_time": "2025-10-06T19:02:34.178Z", "session_hash": "26bb4d0a8fca44fab15d52f1490bb51f0a58f0b545f53b0006528dfb272fdb48"}}, {"model": "axes.accesslog", "pk": 242, "fields": {"user_agent": "Mozilla/5.0 (X11; Linux x86_64) AppleWebKit/537.36 (KHTML, like Gecko) Chrome/140.0.0.0 Safari/537.36", "ip_address": "127.0.0.1", "username": "quaderone@pm.me", "http_accept": "text/html,application/xhtml+xml,application/xml;q=0.9,image/avif,image/webp,image/apng,*/*;q=0.8", "path_info": "/accounts/login/", "attempt_time": "2025-10-06T18:56:37.675Z", "logout_time": "2025-10-06T19:02:34.178Z", "session_hash": "26bb4d0a8fca44fab15d52f1490bb51f0a58f0b545f53b0006528dfb272fdb48"}}, {"model": "axes.accesslog", "pk": 243, "fields": {"user_agent": "Mozilla/5.0 (X11; Linux x86_64) AppleWebKit/537.36 (KHTML, like Gecko) Chrome/140.0.0.0 Safari/537.36", "ip_address": "127.0.0.1", "username": "quaderone@pm.me", "http_accept": "text/html,application/xhtml+xml,application/xml;q=0.9,image/avif,image/webp,image/apng,*/*;q=0.8", "path_info": "/accounts/login/", "attempt_time": "2025-10-06T19:02:27.531Z", "logout_time": "2025-10-06T19:02:34.178Z", "session_hash": "26bb4d0a8fca44fab15d52f1490bb51f0a58f0b545f53b0006528dfb272fdb48"}}, {"model": "axes.accesslog", "pk": 244, "fields": {"user_agent": "Mozilla/5.0 (X11; Linux x86_64) AppleWebKit/537.36 (KHTML, like Gecko) Chrome/140.0.0.0 Safari/537.36", "ip_address": "127.0.0.1", "username": "admin@azgrills.com", "http_accept": "text/html,application/xhtml+xml,application/xml;q=0.9,image/avif,image/webp,image/apng,*/*;q=0.8", "path_info": "/securelogin/login/", "attempt_time": "2025-10-06T19:03:01.574Z", "logout_time": "2025-10-06T19:03:06.218Z", "session_hash": "8620e45fd5e526cb76d04d1fcc95aecc813944f41574d40630891a8618e89358"}}, {"model": "axes.accesslog", "pk": 245, "fields": {"user_agent": "Mozilla/5.0 (X11; Linux x86_64) AppleWebKit/537.36 (KHTML, like Gecko) Chrome/140.0.0.0 Safari/537.36", "ip_address": "127.0.0.1", "username": "quaderone@pm.me", "http_accept": "text/html,application/xhtml+xml,application/xml;q=0.9,image/avif,image/webp,image/apng,*/*;q=0.8", "path_info": "/accounts/login/", "attempt_time": "2025-10-06T19:07:56.699Z", "logout_time": "2025-10-06T19:10:49.417Z", "session_hash": "47b7e89d2f59def2cd0a8e8ac6adef69fe2b2ab6d5d1d4635f512f59bff19b04"}}, {"model": "axes.accesslog", "pk": 246, "fields": {"user_agent": "Mozilla/5.0 (X11; Linux x86_64) AppleWebKit/537.36 (KHTML, like Gecko) Chrome/140.0.0.0 Safari/537.36", "ip_address": "127.0.0.1", "username": "quaderone@pm.me", "http_accept": "text/html,application/xhtml+xml,application/xml;q=0.9,image/avif,image/webp,image/apng,*/*;q=0.8", "path_info": "/accounts/login/", "attempt_time": "2025-10-06T19:10:55.731Z", "logout_time": "2025-10-06T19:22:29.940Z", "session_hash": "10aac26c3bfa9b40cb1561d2e02f64c6af6512fc1a9736b2bb65f985b21556bd"}}, {"model": "axes.accesslog", "pk": 247, "fields": {"user_agent": "Mozilla/5.0 (X11; Linux x86_64) AppleWebKit/537.36 (KHTML, like Gecko) Chrome/140.0.0.0 Safari/537.36", "ip_address": "127.0.0.1", "username": "quaderone@pm.me", "http_accept": "text/html,application/xhtml+xml,application/xml;q=0.9,image/avif,image/webp,image/apng,*/*;q=0.8", "path_info": "/accounts/login/", "attempt_time": "2025-10-06T19:19:25.272Z", "logout_time": "2025-10-06T19:22:29.940Z", "session_hash": "10aac26c3bfa9b40cb1561d2e02f64c6af6512fc1a9736b2bb65f985b21556bd"}}, {"model": "axes.accesslog", "pk": 248, "fields": {"user_agent": "Mozilla/5.0 (X11; Linux x86_64) AppleWebKit/537.36 (KHTML, like Gecko) Chrome/140.0.0.0 Safari/537.36", "ip_address": "127.0.0.1", "username": "quaderone@pm.me", "http_accept": "text/html,application/xhtml+xml,application/xml;q=0.9,image/avif,image/webp,image/apng,*/*;q=0.8", "path_info": "/accounts/login/", "attempt_time": "2025-10-06T19:22:18.565Z", "logout_time": "2025-10-06T19:22:29.940Z", "session_hash": "10aac26c3bfa9b40cb1561d2e02f64c6af6512fc1a9736b2bb65f985b21556bd"}}, {"model": "axes.accesslog", "pk": 249, "fields": {"user_agent": "Mozilla/5.0 (X11; Linux x86_64) AppleWebKit/537.36 (KHTML, like Gecko) Chrome/140.0.0.0 Safari/537.36", "ip_address": "127.0.0.1", "username": "quaderone@pm.me", "http_accept": "text/html,application/xhtml+xml,application/xml;q=0.9,image/avif,image/webp,image/apng,*/*;q=0.8", "path_info": "/accounts/login/", "attempt_time": "2025-10-06T19:22:33.780Z", "logout_time": "2025-10-06T19:23:10.998Z", "session_hash": "7bfffb8da04a82334a8c13267f5b8615d42057967f901dfb843af0f025a4c566"}}, {"model": "axes.accesslog", "pk": 250, "fields": {"user_agent": "Mozilla/5.0 (X11; Linux x86_64) AppleWebKit/537.36 (KHTML, like Gecko) Chrome/140.0.0.0 Safari/537.36", "ip_address": "127.0.0.1", "username": "admin@azgrills.com", "http_accept": "text/html,application/xhtml+xml,application/xml;q=0.9,image/avif,image/webp,image/apng,*/*;q=0.8", "path_info": "/securelogin/login/", "attempt_time": "2025-10-06T19:23:23.074Z", "logout_time": "2025-10-06T19:23:29.446Z", "session_hash": "0a3f10e0d1798b0fe509fa5b580f8b6b2eb2d590cedee6868bfa7900f8e9081f"}}, {"model": "axes.accesslog", "pk": 251, "fields": {"user_agent": "Mozilla/5.0 (X11; Linux x86_64) AppleWebKit/537.36 (KHTML, like Gecko) Chrome/140.0.0.0 Safari/537.36", "ip_address": "127.0.0.1", "username": "admin@azgrills.com", "http_accept": "text/html,application/xhtml+xml,application/xml;q=0.9,image/avif,image/webp,image/apng,*/*;q=0.8", "path_info": "/securelogin/login/", "attempt_time": "2025-10-06T19:37:22.433Z", "logout_time": "2025-10-06T19:37:25.267Z", "session_hash": "79f08d8470cfc896be6e01eff793cdaf1783bbd386c39c77943096db3ff66a1a"}}, {"model": "axes.accesslog", "pk": 252, "fields": {"user_agent": "Mozilla/5.0 (X11; Linux x86_64) AppleWebKit/537.36 (KHTML, like Gecko) Chrome/140.0.0.0 Safari/537.36", "ip_address": "127.0.0.1", "username": "quaderone@pm.me", "http_accept": "text/html,application/xhtml+xml,application/xml;q=0.9,image/avif,image/webp,image/apng,*/*;q=0.8", "path_info": "/accounts/login/", "attempt_time": "2025-10-06T19:37:42.200Z", "logout_time": "2025-10-06T19:37:46.099Z", "session_hash": "add7a355462635a2919aa0b52134bffa71e0c2ff3fb04704dcc0f81f326d685c"}}, {"model": "axes.accesslog", "pk": 253, "fields": {"user_agent": "Mozilla/5.0 (X11; Linux x86_64) AppleWebKit/537.36 (KHTML, like Gecko) Chrome/140.0.0.0 Safari/537.36", "ip_address": "127.0.0.1", "username": "admin@azgrills.com", "http_accept": "text/html,application/xhtml+xml,application/xml;q=0.9,image/avif,image/webp,image/apng,*/*;q=0.8", "path_info": "/securelogin/login/", "attempt_time": "2025-10-06T19:38:07.232Z", "logout_time": "2025-10-06T19:38:14.661Z", "session_hash": "29d134ac7df02ea298ecc5779e4c6d6cd17eea96aa5c89fe2ce3b66dca0810cd"}}, {"model": "axes.accesslog", "pk": 254, "fields": {"user_agent": "Mozilla/5.0 (X11; Linux x86_64) AppleWebKit/537.36 (KHTML, like Gecko) Chrome/140.0.0.0 Safari/537.36", "ip_address": "127.0.0.1", "username": "admin@azgrills.com", "http_accept": "text/html,application/xhtml+xml,application/xml;q=0.9,image/avif,image/webp,image/apng,*/*;q=0.8", "path_info": "/securelogin/login/", "attempt_time": "2025-10-06T19:38:18.409Z", "logout_time": "2025-10-06T19:39:35.598Z", "session_hash": "3e0fa23d00bf824516440290aa50a76ac617bb6e2435e06b1bb6bb7d78fae42f"}}, {"model": "axes.accesslog", "pk": 255, "fields": {"user_agent": "Mozilla/5.0 (X11; Linux x86_64) AppleWebKit/537.36 (KHTML, like Gecko) Chrome/140.0.0.0 Safari/537.36", "ip_address": "127.0.0.1", "username": "quaderone@pm.me", "http_accept": "text/html,application/xhtml+xml,application/xml;q=0.9,image/avif,image/webp,image/apng,*/*;q=0.8", "path_info": "/accounts/login/", "attempt_time": "2025-10-06T19:39:25.253Z", "logout_time": "2025-10-06T19:40:42.594Z", "session_hash": "1ea4c2ce94b7502a684e3dd20d4c74c9c89d4cd198304e90ab71817ab83d4801"}}, {"model": "axes.accesslog", "pk": 256, "fields": {"user_agent": "Mozilla/5.0 (X11; Linux x86_64) AppleWebKit/537.36 (KHTML, like Gecko) Chrome/140.0.0.0 Safari/537.36", "ip_address": "127.0.0.1", "username": "admin@azgrills.com", "http_accept": "text/html,application/xhtml+xml,application/xml;q=0.9,image/avif,image/webp,image/apng,*/*;q=0.8", "path_info": "/securelogin/login/", "attempt_time": "2025-10-06T19:39:41.709Z", "logout_time": "2025-10-06T19:41:24.215Z", "session_hash": "d189ba2368970c2b0f07f0682d87db8ee0eff4b552ce08adf414012a05dc6408"}}, {"model": "axes.accesslog", "pk": 257, "fields": {"user_agent": "Mozilla/5.0 (X11; Linux x86_64) AppleWebKit/537.36 (KHTML, like Gecko) Chrome/140.0.0.0 Safari/537.36", "ip_address": "127.0.0.1", "username": "admin@azgrills.com", "http_accept": "text/html,application/xhtml+xml,application/xml;q=0.9,image/avif,image/webp,image/apng,*/*;q=0.8", "path_info": "/securelogin/login/", "attempt_time": "2025-10-06T19:41:28.662Z", "logout_time": null, "session_hash": "9c1ede306a97d1dc6fa258e21e3f78adfbce3ff406e6693fa7791c4c24b577fe"}}, {"model": "axes.accesslog", "pk": 258, "fields": {"user_agent": "Mozilla/5.0 (X11; Linux x86_64) AppleWebKit/537.36 (KHTML, like Gecko) Chrome/140.0.0.0 Safari/537.36", "ip_address": "127.0.0.1", "username": "quaderone@pm.me", "http_accept": "text/html,application/xhtml+xml,application/xml;q=0.9,image/avif,image/webp,image/apng,*/*;q=0.8", "path_info": "/accounts/login/", "attempt_time": "2025-10-06T19:41:41.784Z", "logout_time": null, "session_hash": "a96a7d0affc1d070715f594a0b95693f13df771c4f076edb2ef2e21156ab342a"}}]